Jan,室,單位,急領量,急領日期,西元日期,11月30日,12月1日,12月2日,12月3日,12月4日,12月5日,12月6日,12月7日,12月8日,12月9日,12月10日,12月11日,12月12日,12月13日,12月14日,12月15日,12月16日,12月17日,12月18日,12月19日,12月20日,12月21日,12月22日,12月23日,12月24日,12月25日,12月26日,12月27日,12月28日,12月29日,12月30日,12月31日,1月1日,1月2日,1月3日,1月4日,1月5日,安全量,基準量,Mean,SD,急領前一天庫存,急領當天的耗用,TYPE,庫存>安全量,庫存>基準量,建議安全量,建議基準量,R值(檢視週期)
005ROL02,ROLIKAN INJ 7% (70 MG/ML) 250 ML (***),BOT,100,1150102,46024,102,100,94,89,80,78,75,73,65,59,56,43,34,33,23,114,104,86,131,120,114,109,99,93,77,71,56,44,20,10,64,43,25,4,83,67,154,51,76,10.63888889,6.599362644,25,21,Type C (帳務/管理),0,0,15.35263391,174.9359672,7
005IMF04,IMFINZI INJ 50 MG/ML 10 ML (&)(***),VIAL,20,1150102,46024,33,32,29,20,17,14,7,7,4,13,22,21,21,18,18,18,10,5,5,14,12,12,9,0,1,1,11,11,11,5,8,2,2,16,13,7,10,30,44,3.361111111,3.546851946,2,6,Type C (帳務/管理),0,0,8.251330078,58.66799674,7
005ZYV02,ZYVOX INJ 2MG/ML 300 ML,BAG,80,1150102,46024,75,65,55,51,40,13,13,10,53,43,31,56,41,13,10,71,56,40,18,194,147,141,114,78,38,32,69,16,13,53,31,102,98,154,107,103,76,131,196,18.75,14.08621413,98,24,Type C (帳務/管理),0,0,32.76990529,314.0199053,7
005ROL02,ROLIKAN INJ 7% (70 MG/ML) 250 ML (***),BOT,100,1150105,46027,102,100,94,89,80,78,75,73,65,59,56,43,34,33,23,114,104,86,131,120,114,109,99,93,77,71,56,44,20,10,64,43,25,4,83,67,154,51,76,10.63888889,6.599362644,67,13,Type C (帳務/管理),1,0,15.35263391,174.9359672,7
005RYB04,RYBREVANT INJ 50 MG/ML 7 ML (&),VIAL,20,1150105,46027,23,21,21,13,9,9,9,9,11,31,28,25,24,24,23,18,18,18,18,18,18,18,18,13,25,25,19,19,19,18,8,5,5,2,2,2,11,17,25,1.972222222,3.139482315,2,11,Type C (帳務/管理),0,0,7.303632981,36.88696631,7
005GAV01,GAVRETO CAP 100 MG,CAP,120,1150105,46027,37,37,37,37,37,37,37,37,37,37,37,97,97,49,49,49,49,49,49,49,49,49,49,49,109,109,109,109,109,61,61,61,61,61,61,61,81,58,87,5.444444444,19.66932992,61,100,Type C (帳務/管理),1,0,45.75836152,127.4250282,7
005ESO02,ESOCOMFORT EFC TAB 40 MG,TAB,500,1141201,45992,791,1285,1273,1245,1241,1235,1235,1234,1228,1223,1206,1187,1182,1168,1168,1164,1160,1156,1150,1138,1118,1117,1101,1097,1056,1049,1045,1037,1027,1022,996,995,987,970,944,942,925,90,135,10.41666667,9.222255689,791,6,Type C (帳務/管理),1,1,21.45448327,177.7044833,7
005CLO07,CLOZARIL TAB 100 MG,TAB,300,1141201,45992,1708,1980,1954,1954,1785,1670,1670,1670,1655,1640,2193,2180,1958,1926,1926,1912,1898,1884,1823,2170,2143,2143,2097,2082,2053,2053,1798,1776,1776,1764,1950,1174,1174,1161,1135,1135,1121,410,614,40.75,62.85055972,1708,28,Type C (帳務/管理),1,1,146.2143675,757.4643675,7
005OLM02,OLMETEC FC TAB 40 MG,TAB,84,1141201,45992,89,166,158,158,153,139,132,131,124,116,112,105,98,76,75,75,59,324,308,302,291,287,281,276,261,252,246,231,231,226,208,183,169,167,162,159,152,89,134,7.777777778,5.61686802,89,7,Type C (帳務/管理),0,0,13.06697678,129.7336434,7
005INS20,INSPRA FC TAB 50 MG,TAB,280,1141201,45992,842,1105,1069,1060,1033,973,973,973,956,918,892,874,841,806,789,768,746,715,690,652,630,627,610,584,561,558,531,493,486,472,459,224,214,468,425,424,416,226,339,21.86111111,13.82575811,842,17,Type C (帳務/管理),1,1,32.16398526,360.0806519,7
005LIV03,LIVALO OD TAB 2 MG (###),TAB,1400,1141201,45992,1073,2444,2099,2055,1998,1883,1856,1809,1723,1684,1593,1511,1394,1264,1234,1205,1111,989,948,872,770,757,691,675,621,599,573,519,517,1859,1829,1090,1025,943,777,755,651,637,955,71.27777778,60.68259864,1073,29,Type C (帳務/管理),1,1,141.1708633,1210.33753,7
005MET29,METHYCOBAL CAP 500 MCG,CAP,1000,1141201,45992,882,1858,1807,1805,1771,1642,1572,1572,1533,1446,1323,1172,2120,1882,1882,1842,1791,1719,1651,1615,1549,1496,1461,1325,1231,1177,1135,1034,1028,924,1872,872,833,1777,1732,1729,1675,742,1113,69.97222222,64.47834016,882,24,Type C (帳務/管理),1,0,150.0012054,1199.584539,7
005TAK02,TAKEPRON OD TAB 30 MG,TAB,1400,1141201,45992,1433,2599,2385,2274,3516,3114,3033,3008,2844,2613,2465,3711,3568,3261,3255,4528,4316,4109,3853,3657,3376,3323,3164,2977,2638,2587,3038,2775,2757,2603,2891,1227,1206,4471,4137,4122,3927,2002,3003,190.4444444,121.4355666,1433,234,Type C (帳務/管理),0,0,282.5054324,3139.172099,7
005SIG01,SIGMART TAB 5 MG,TAB,400,1141201,45992,1158,1511,1426,1396,1369,1277,1235,1231,1190,1127,1087,1022,974,768,764,741,631,576,553,530,468,466,433,395,1325,1292,1170,1110,1106,1020,936,373,316,1252,1131,1088,1053,474,711,56.33333333,40.63214772,1158,47,Type C (帳務/管理),1,1,94.52586905,939.5258691,7
005STO04,STOGAMET FC TAB 300 MG,TAB,2000,1141201,45992,2236,4129,3769,3435,6144,5626,5393,5198,5023,4717,4480,4179,3879,3439,3319,3127,2877,2548,2268,1871,1532,1396,4102,3887,3534,3275,5097,4867,4775,4511,4240,2974,2667,4396,4029,3806,3684,2506,3759,268.2777778,95.44949633,2236,107,Type C (帳務/管理),0,0,222.0519243,2368.274147,3
005PRO53,PROPRANOLOL TAB 10 MG (生達),TAB,1000,1141201,45992,6792,7585,7363,9340,8906,8346,8346,8308,8174,8040,7879,7756,9108,8941,8937,8769,8579,8385,8061,7714,7494,7472,7267,7157,6841,6805,6220,5994,5980,5801,7613,2399,2370,2229,1932,1915,2757,2065,3097,200.8055556,165.8735869,6792,207,Type C (帳務/管理),1,1,385.8852124,3397.968546,7
005NOR07,NORVASC TAB 5 MG,TAB,4480,1141201,45992,6027,10222,9798,9618,9352,8793,8661,8530,8196,7885,7586,7384,6973,6568,6507,6213,5873,5598,5345,5031,4619,4403,4201,3849,3333,3222,2994,2535,2437,2980,3126,4877,4720,4427,3964,3887,3565,2914,4371,291.7222222,126.0715468,6027,285,Type C (帳務/管理),1,1,293.2904903,2627.068268,3
005COR01,CORDARONE TAB 200 MG,TAB,360,1141201,45992,765.5,1079.5,994.5,988.5,947.5,797.5,767.5,737.5,1404.5,1346.5,1215.5,1109.5,1772.5,1614.5,1580.5,1516.5,1381.5,1240.5,1124.5,1021.5,881.5,869.5,812.5,758.5,998.5,986.5,909.5,759.5,757.5,1002.5,952.5,299,268,1220,1117,1073,1025,689,1033,76.25,46.83184204,765.5,46,Type C (帳務/管理),1,0,108.948722,1252.698722,7
005TRA26,TRAJENTA DUO FC TAB 2.5 MG/850 MG,TAB,300,1141201,45992,339,626,601,555,539,447,442,430,374,356,340,319,551,510,510,490,470,450,431,374,334,304,580,549,519,519,452,422,422,580,574,931,924,905,886,882,845,263,394,27.5,21.96295583,339,13,Type C (帳務/管理),1,0,51.09420995,463.5942099,7
005EXE06,EXELON PATCH 10 (***),PIE,30,1141201,45992,26,54,50,50,49,46,46,46,45,42,40,39,38,35,35,63,61,59,57,55,48,48,46,40,38,38,67,65,65,64,63,30,28,26,24,23,21,12,18,1.694444444,1.545859806,26,2,Type C (帳務/管理),1,1,3.596259361,29.01292603,7
005ARI06,ABIK ODT TAB 10 MG,TAB,140,1141201,45992,195,326,320,320,304,277,277,277,275,273,266,266,238,238,238,236,234,232,492,482,470,469,460,453,441,441,395,387,387,384,353,172,172,156,142,142,134,90,135,8.611111111,10.65103021,195,9,Type C (帳務/管理),1,1,24.7783576,153.9450243,7
005TOP05,ALGITAB CHEWABLE TAB 200MG/40MG/30MG,TAB,168,1141201,45992,279,430,384,363,327,245,245,244,647,571,558,441,416,394,392,376,1164,1106,1004,906,840,840,829,719,674,672,639,605,605,572,555,319,214,615,572,552,531,328,492,41.13888889,34.6568095,279,17,Type C (帳務/管理),0,0,80.62495388,697.7082872,7
005SMO08,SMOKQUIT TDDS 30 (52.5 mg) (***),PIE,14,1141201,45992,7,7,21,21,21,14,21,21,21,21,21,21,7,7,7,7,7,7,21,21,21,21,21,21,21,21,21,21,21,21,21,0,0,0,0,0,0,10,14,1.555555556,4.136557882,7,14,Type C (帳務/管理),0,0,9.623210945,32.95654428,7
005POS05,POSANOL TAB 100 MG,TAB,96,1141201,45992,115,279,273,273,264,246,246,246,243,240,237,234,231,225,225,222,216,210,204,198,186,186,180,177,177,177,177,177,177,177,177,69,69,69,69,69,69,47,71,3.694444444,6.172841182,115,31,Type C (帳務/管理),1,1,14.36038236,69.77704902,7
005EDA01,EDARBI TAB 40 MG,TAB,280,1141201,45992,98.5,368.5,350.5,350.5,334.5,316.5,312.5,312.5,296.5,275.5,257.5,228.5,217.5,195.5,192.5,147.5,136.5,121.5,110.5,370.5,341.5,336.5,324.5,299.5,285.5,275.5,263.5,249.5,248.5,239.5,229.5,198,198,181,160,160,158,111,166,13.33333333,9.668801078,98.5,9,Type C (帳務/管理),0,0,22.49331812,222.4933181,7
005MEL10,MELETIN CAP 100 MG,CAP,500,1141201,45992,496,941,830,826,770,1113,1113,1102,1485,1404,1354,1294,1248,1071,1043,944,917,884,850,811,704,697,652,591,964,962,917,834,827,732,680,101,91,1026,950,915,882,560,840,59.80555556,44.83991809,496,55,Type C (帳務/管理),0,0,104.3147474,1001.398081,7
005GEN17,GENURSO TAB 100MG,TAB,3000,1141202,45993,2596,2161,4784,6588,6207,5359,5260,5193,4921,4436,6807,6437,5979,5340,5323,4976,4574,4276,4919,4384,3982,3905,3537,3190,2387,2870,5411,4925,4859,4522,4142,1066,887,4498,4013,3994,3729,3172,4758,357.5277778,206.678285,2161,377,Type C (帳務/管理),0,0,480.8124994,3341.034722,3
005BER10,BERYDONE ER TAB 3 MG,TAB,60,1141202,45993,15,70,64,63,63,63,63,63,63,63,60,58,56,50,50,48,106,104,101,98,92,92,90,88,84,84,82,78,78,76,73,42,42,40,36,36,34,33,49,4.194444444,11.19902915,70,66,Type C (帳務/管理),1,1,26.05321211,88.96987878,7
005TYG01,TYGACIL INJ 50 MG,VIAL,200,1141202,45993,215,176,323,314,278,200,200,200,372,358,334,316,298,262,258,240,221,407,391,371,335,335,313,294,262,262,250,210,186,368,347,330,326,294,232,224,180,272,408,23.38888889,18.50602647,176,53,Type C (帳務/管理),0,0,43.05207411,393.8854074,7
005CON09,CONST K ER TAB 1500 MG (20 mEq) (***),TAB,1000,1141202,45993,1240,1065,1843,1781,1661,1294,1225,1221,1073,1953,1811,1697,2571,2290,2249,2114,1955,1819,1666,1530,1271,1254,1108,2309,2046,1986,1835,1510,1463,1337,1212,1149,1111,1011,752,739,1149,1369,2053,146.9722222,92.43823764,1065,222,Type C (帳務/管理),0,0,215.0465884,2419.629922,7
005BRO07,BROSYM INJ 2 G (1 G/1 G) (***),VIAL,450,1141202,45993,1299,1123,1707,2085,1941,1361,1332,1332,2058,1857,1670,2406,2244,1892,1880,1717,2432,2220,2004,1810,1410,1410,2146,2006,1758,1724,1575,1205,1195,1942,1766,1232,1220,1478,1078,1062,840,1718,2576,182.1111111,132.3762555,1123,316,Type C (帳務/管理),0,0,307.9576467,3039.624313,7
005ENT01,ENTRESTO FC TAB 100 MG (**),TAB,560,1141202,45993,300,292,808,805,796,757,757,757,753,742,723,717,706,686,681,668,596,577,554,476,460,458,408,400,380,374,632,608,604,580,568,504,490,485,465,465,457,187,281,17.97222222,18.45068502,292,44,Type C (帳務/管理),1,1,42.92332879,312.5066621,7
005BRO07,BROSYM INJ 2 G (1 G/1 G) (***),VIAL,450,1141202,45993,1299,1123,1707,2085,1941,1361,1332,1332,2058,1857,1670,2406,2244,1892,1880,1717,2432,2220,2004,1810,1410,1410,2146,2006,1758,1724,1575,1205,1195,1942,1766,1232,1220,1478,1078,1062,840,1718,2576,182.1111111,132.3762555,1123,316,Type C (帳務/管理),0,0,307.9576467,3039.624313,7
005GIO01,GIOTRIF FC TAB 40 MG (***),TAB,56,1141202,45993,21,21,61,61,61,61,61,61,61,61,61,61,61,61,61,61,61,60,43,42,21,21,21,21,49,49,49,49,49,49,49,39,39,39,22,22,22,18,26,2.083333333,5.668837119,21,16,Type C (帳務/管理),1,0,13.18787672,44.43787672,7
005FYC03,FYCOMPA ORAL SUSP 0.5 MG/ML 340 ML,BOT,7,1141202,45993,0,0,6,6,6,6,6,6,6,4,4,4,4,4,4,3,3,3,4,4,4,4,4,4,4,4,3,2,2,2,1,11,11,11,11,11,10,3,4,0.277777778,0.51331478,0,1,Type A (供應鏈缺貨),0,0,1.194165911,5.360832577,7
005ALY02,ALYMSYS INJ 25 MG/ML 4 ML (&),VIAL,20,1141202,45993,16,8,14,10,6,29,26,26,27,24,10,40,37,33,25,16,28,24,15,15,15,15,21,14,32,29,18,16,8,54,56,42,42,42,42,42,43,59,89,6.888888889,10.0506653,8,14,Type C (帳務/管理),0,0,23.38167991,126.7150132,7
005RIS06,RISDONE FC TAB 1 MG,TAB,200,1141202,45993,0,0,198,197,196,196,196,196,195,194,193,192,191,189,189,188,181,181,181,181,181,181,181,181,181,181,180,179,179,178,176,13,13,13,13,13,13,3,5,0.666666667,1.242118007,0,2,Type A (供應鏈缺貨),0,0,2.889640116,12.88964012,7
005SAI03,SAIZEN INJ 12 MG (36 IU) (&),VIAL,20,1141203,45994,28,28,28,18,18,18,18,18,18,38,38,38,38,38,38,38,38,38,38,38,38,38,38,38,38,38,38,38,38,38,38,18,18,18,18,18,18,10,14,1.388888889,5.929479754,28,30,Type C (帳務/管理),1,1,13.79423088,34.62756421,7
005SEV04,SEVIKAR FC TAB 5 MG/40 MG,TAB,280,1141203,45994,386,356,313,549,506,446,446,405,346,888,863,810,734,680,659,627,617,603,564,518,474,428,374,342,624,601,577,513,512,480,415,131,126,645,597,594,555,407,610,38.33333333,21.74659251,313,44,Type C (帳務/管理),0,0,50.59086637,625.5908664,7
005SEV05,SEVIKAR HCT FC TAB 40 MG/5 MG/12.5 MG (###),TAB,280,1141203,45994,135,133,106,372,372,369,369,368,351,343,330,323,320,311,310,304,293,286,264,242,226,225,217,193,172,170,162,123,122,591,583,491,491,490,446,446,443,121,182,10.30555556,10.9069295,106,14,Type C (帳務/管理),0,0,25.37367694,179.9570103,7
005PLA07,PLAVIX FC TAB 75 MG,TAB,1428,1141203,45994,1326,1140,933,2247,2088,1800,1716,1665,1534,1358,2560,2370,3606,3347,3305,3183,3001,2775,2630,2414,2177,2135,2025,1885,1676,1579,1413,1210,1184,2162,2060,854,816,2105,1914,1866,1744,1471,2206,149.4444444,68.86029104,933,114,Type C (帳務/管理),0,0,160.1952941,2401.861961,7
005BEN07,BENZHEXOL TAB 2 MG (B.H.L.),TAB,1000,1141203,45994,3248,4162,4060,5059,4786,4500,4455,4455,4368,4321,4252,4200,3841,3755,3755,3701,4620,4554,4399,4154,4066,4065,3956,3901,3777,3702,3298,3200,3200,3146,4030,2385,2382,2350,2288,2288,2235,1032,1547,98.33333333,99.93826666,4060,1,Type C (帳務/管理),1,1,232.4945157,1707.494516,7
005LAM04,LAMICTAL TAB 50 MG,TAB,300,1141203,45994,779,778,776,1076,1034,1014,1014,1014,993,992,991,990,939,937,937,934,931,928,916,880,870,870,857,852,827,827,775,771,771,769,767,413,413,411,407,407,405,76,114,9,14.59549833,776,0,Type C (帳務/管理),1,1,33.95469452,168.9546945,7
005PRO53,PROPRANOLOL TAB 10 MG (生達),TAB,2000,1141203,45994,6792,7585,7363,9340,8906,8346,8346,8308,8174,8040,7879,7756,9108,8941,8937,8769,8579,8385,8061,7714,7494,7472,7267,7157,6841,6805,6220,5994,5980,5801,7613,2399,2370,2229,1932,1915,2757,2065,3097,200.8055556,165.8735869,7363,23,Type C (帳務/管理),1,1,385.8852124,3397.968546,7
005LID02,LIDIN TAB 300 MG,TAB,500,1141203,45994,1947,1916,1861,2349,2251,2098,2074,2073,2045,1998,1947,1923,1815,1771,1771,1752,2229,2204,2151,2069,2011,2008,1955,1927,1862,1806,1696,1642,1642,1585,2045,921,921,862,812,812,766,491,736,45.38888889,34.88370703,1861,12,Type C (帳務/管理),1,1,81.15280405,761.9861374,7
005SLA01,SLATONE TAB 25 MG,TAB,1000,1141203,45994,2522,2346,2194,3168,3095,2836,2817,2801,2677,2478,2283,2157,5064,4851,4834,4743,4610,4525,4414,4282,4082,4048,3927,3811,3575,3499,4388,4199,4147,3986,3861,2079,1990,1813,1549,1526,1409,1232,1848,126.3055556,70.11615646,2194,26,Type C (帳務/管理),1,1,163.1169159,2057.700249,7
005SOL11,SOLIAN TAB 200 MG (###),TAB,300,1141203,45994,718,688,670,970,1476,1446,1446,1446,1436,1427,1418,1409,1323,1307,1307,1299,1291,1283,1273,1183,1164,1164,1101,1095,1080,1080,986,973,973,933,931,377,375,370,360,360,319,199,299,20.80555556,28.6803262,670,0,Type C (帳務/管理),1,1,66.72137485,378.8047082,7
005MED02,MEDICON-A CAP,CAP,3000,1141203,45994,3924,3231,2634,5409,4900,3868,3671,3643,3152,6756,6227,5494,5132,4490,4474,4011,3353,2891,3300,2861,2423,2267,1840,1412,4848,4749,4278,3759,3700,4317,4011,6378,6158,5765,5276,5148,4848,4185,6277,419.6944444,220.8810694,2634,225,Type C (帳務/管理),0,0,513.8535916,3871.409147,3
005MOP01,MOPRIDE FC TAB 5 MG (MOSAPRIDE),TAB,2520,1141203,45994,3055,2710,2391,4703,4505,4067,3911,3890,3538,3224,2819,4824,4505,4051,4032,5420,5135,7449,7170,6934,6375,6348,6030,5680,5034,4868,5313,4930,4856,4614,4333,3708,3596,3426,3044,2881,2648,3240,4859,284.3611111,146.1498551,2391,208,Type C (帳務/管理),0,0,340.0002915,2614.88918,3
005ACT13,ACTEIN EFFERVESCENT GRANULES 600 MG,PKG,3024,1141203,45994,5787,4823,3561,3135,2208,296,2817,2574,4811,3945,5949,4876,6865,5359,5043,7286,6111,5281,7469,6630,5493,5250,4495,3631,5183,4703,3788,2455,2309,10455,9677,11197,10778,9904,8744,8466,7783,9045,13567,865.2777778,399.105472,3561,426,Type C (帳務/管理),0,0,928.4715108,2659.027066,1
005LAT03,LATUDA TAB 40 MG (*),TAB,280,1141203,45994,757,738,715,991,925,936,936,936,919,903,887,871,735,709,709,957,1360,1342,1259,1211,1190,1190,1159,1135,1102,1046,893,866,866,850,1095,483,483,735,709,709,692,296,444,32.63888889,37.77614726,715,4,Type C (帳務/管理),1,1,87.88172295,577.4650563,7
005VIA05,VIARTRIL-S POWDER FOR ORAL SOLN 1500 MG/SACHET,PKG,120,1141204,45995,206,206,206,206,266,266,266,266,266,296,296,296,296,296,295,294,293,292,291,269,267,267,266,265,263,143,142,131,131,159,158,89,89,88,86,86,85,108,162,11.5,30.40441697,206,60,Type C (帳務/管理),1,1,70.73226739,243.2322674,7
005NIF06,NIFEDIPINE SRFC TAB 30 MG,TAB,280,1141204,45995,211,199,182,138,399,366,363,363,362,356,334,315,558,530,528,521,458,425,417,356,326,305,295,279,260,232,227,217,217,486,456,393,392,317,259,259,240,228,341,23.36111111,23.94058452,138,19,Type C (帳務/管理),0,0,55.69492839,406.1115951,7
005INV04,INVEGA SUSTENNA INJ 150 MG (**),SYRIN,5,1141204,45995,2,1,1,1,4,4,4,3,5,5,5,3,5,5,5,5,4,4,4,3,3,3,3,3,5,5,4,4,4,4,2,2,2,6,6,6,6,4,6,0.361111111,0.639320075,1,2,Type C (帳務/管理),0,0,1.487302274,6.903968941,7
005XGE01,XGEVA INJ 120 MG/1.7 ML,VIAL,20,1141204,45995,10,8,5,2,20,17,16,16,15,14,11,15,14,14,14,14,23,18,27,24,24,24,19,14,20,20,17,16,16,25,25,23,23,22,20,19,18,22,33,1.805555556,1.848852068,2,2,Type C (帳務/管理),0,0,4.301134895,31.38446823,7
005ALB01,ALBUTEIN INJ 25% 50 ML (HUMAN ALBUMIN),BOT,125,1141204,45995,641,526,354,317,329,581,522,508,1285,1199,1068,945,822,645,619,469,946,833,715,565,351,322,442,326,742,676,940,719,692,588,472,674,648,775,606,586,468,1110,1665,116.5,60.04831388,317,113,Type C (帳務/管理),0,0,139.6952751,1887.195275,7
005AMB03,AMPHOLIPAD LIPOSOME INJ 50 MG,VIAL,50,1141205,45996,52,47,37,37,31,66,66,66,61,61,61,61,61,61,61,61,61,61,61,61,61,61,61,61,61,61,61,61,61,61,61,59,59,55,47,47,43,17,26,1.888888889,3.82307115,31,15,Type C (帳務/管理),1,1,8.89392127,37.2272546,7
005URI05,URIEF FC TAB 8 MG (***),TAB,560,1141205,45996,522,473,441,415,655,1170,1157,1156,1130,1106,1074,1052,1009,977,976,960,937,915,861,822,775,766,746,693,655,628,595,520,519,460,438,181,145,688,659,657,621,389,583,30.22222222,17.25789444,655,45,Type C (帳務/管理),1,1,40.14844309,493.4817764,7
005NAV06,NAVELBINE SOFT CAP 20 MG,CAP,50,1141205,45996,46,32,40,34,15,55,55,55,55,55,55,43,63,63,63,63,61,48,68,59,59,59,78,78,78,78,78,78,78,78,53,52,40,40,31,31,31,57,85,4.583333333,7.947596222,15,10,Type C (帳務/管理),0,0,18.48913931,87.23913931,7
005ANO02,ANOL INJ 20% 200MG/ML 500ML (ASTAR),BOT,60,1141205,45996,109,99,91,85,74,129,123,122,108,134,127,111,158,157,156,149,136,129,118,104,99,99,85,79,118,118,98,92,92,109,96,42,32,107,90,87,66,75,113,8.361111111,5.478022468,74,5,Type C (帳務/管理),0,0,12.74396909,138.1606358,7
005CER02,CERTICAN TAB 0.5 MG (***),TAB,120,1141205,45996,232,226,206,205,183,151,271,271,265,260,254,248,292,220,220,213,1646,1617,1608,1585,1567,1567,1561,1551,1531,1531,1521,1491,1491,1479,1460,1311,1311,1304,1290,1290,1278,114,170,11.88888889,13.83324727,183,32,Type C (帳務/管理),1,1,32.18140792,210.5147413,7
005BAV01,BAVENCIO INJ 20 MG/ML 10 ML (&),VIAL,11,1141205,45996,9,9,9,9,9,13,13,13,13,13,13,13,13,9,9,9,9,9,9,9,9,9,6,6,6,6,12,12,12,12,12,7,7,7,7,7,7,6,8,0.5,1.521277659,9,7,Type C (帳務/管理),1,1,3.539071912,11.03907191,7
005ALY02,ALYMSYS INJ 25 MG/ML 4 ML (&),VIAL,30,1141205,45996,16,8,14,10,6,29,26,26,27,24,10,40,37,33,25,16,28,24,15,15,15,15,21,14,32,29,18,16,8,54,56,42,42,42,42,42,43,59,89,6.888888889,10.0506653,6,7,Type C (帳務/管理),0,0,23.38167991,126.7150132,7
005KIS01,KISQALI FC TAB 200 MG (&),TAB,315,1141208,45999,374,282,319,295,295,295,295,212,499,499,499,499,499,467,446,446,446,410,371,370,366,286,286,286,280,253,570,570,547,487,396,181,181,370,307,286,258,243,365,27.55555556,34.36895979,212,28,Type C (帳務/管理),0,0,79.9553057,493.288639,7
005LEV07,LEVOFLOXACIN FC TAB 750 MG,TAB,300,1141208,45999,135,122,86,76,41,20,14,14,342,338,318,289,276,266,259,257,227,194,178,350,342,339,326,277,244,237,214,191,191,171,148,108,106,790,736,736,721,160,239,18.30555556,13.82506925,14,22,Type C (帳務/管理),0,0,32.16238271,306.745716,7
005URO16,UROSAN CAP 100 MG (&),CAP,84,1141208,45999,46,46,46,46,46,46,46,46,46,46,44,43,42,40,40,39,38,37,36,35,33,33,32,31,113,113,112,109,109,108,23,21,21,20,18,18,17,41,61,5.472222222,19.45615747,46,84,Type C (帳務/管理),1,0,45.2624411,127.3457744,7
005FLU30,FLUSINE TAB 500 MG,TAB,250,1141208,45999,172,172,172,172,172,128,128,128,382,366,354,334,318,286,286,278,270,262,262,262,262,262,262,262,262,262,262,262,262,262,262,186,186,186,186,186,186,22,33,5,10.09101439,128,16,Type C (帳務/管理),1,1,23.47554728,98.47554728,7
005ALY02,ALYMSYS INJ 25 MG/ML 4 ML (&),VIAL,10,1141208,45999,16,8,14,10,6,29,26,26,27,24,10,40,37,33,25,16,28,24,15,15,15,15,21,14,32,29,18,16,8,54,56,42,42,42,42,42,43,59,89,6.888888889,10.0506653,26,21,Type C (帳務/管理),0,0,23.38167991,126.7150132,7
005ROS03,ROSIS TAB 40 MG,TAB,2000,1141209,46000,3239,3074,2939,2843,2751,2483,2445,2400,2250,4027,3829,3714,3565,3320,3287,3145,2928,2759,2616,2444,2255,2207,2111,1991,1724,1630,1542,1394,1363,2210,2065,1422,1376,2228,1951,1938,1842,1390,2084,137.2777778,71.02217405,2250,223,Type C (帳務/管理),1,1,165.2246583,2224.391325,7
005DEP06,DEPAKINE CHRONO FC TAB 500 MG (***),TAB,600,1141209,46000,1317,1277,1255,1553,1371,1261,1247,1243,1228,1802,1783,1763,1605,1535,1535,1519,1499,1430,1325,1514,1450,1441,1387,1643,1585,1585,1380,1330,1330,1305,1277,594,594,560,516,516,490,490,735,46.36111111,48.88596221,1228,26,Type C (帳務/管理),1,1,113.7273888,809.1440555,7
005DUR15,DUROTINE 30 CAP 30 MG (*),CAP,300,1141209,46000,171,168,156,155,124,105,89,89,88,368,366,364,353,345,345,341,337,333,321,315,299,299,441,408,400,398,359,343,343,337,331,284,284,269,263,263,259,69,103,9.305555556,9.913394818,88,20,Type C (帳務/管理),1,0,23.06233643,162.6456698,7
005SER15,SEROQUEL FC TAB 25 MG (*),TAB,3600,1141210,46001,3045,2948,2770,2766,2549,2197,2175,2171,2007,1933,5424,5330,5077,4887,4845,4727,4599,4479,4292,4076,3857,3849,3686,3584,3357,3321,3764,3513,3480,3295,3176,2402,2390,3303,3127,3096,2965,1316,1974,135.8888889,87.47629157,1933,109,Type C (帳務/管理),1,0,203.5032098,2241.836543,7
005VAX07,VAXCEL HEPARIN SOD. INJ 5000 U/ML 5 ML (25 KIU/VIAL),VIAL,600,1141210,46001,606,590,550,534,514,503,500,481,657,647,800,776,752,733,716,711,559,545,540,521,509,499,490,770,548,534,823,810,786,773,556,588,566,551,536,520,497,128,191,15.05555556,6.136282935,647,7,Type C (帳務/管理),1,1,14.27533393,240.1086673,7
005TED01,TEDALIN CHEWABLE TAB 100 MG,TAB,1000,1141210,46001,1708,1569,1281,1146,1961,1723,1651,1608,1480,1352,2240,2040,2926,2662,2643,2544,2313,2175,1985,1837,1731,1713,1663,1471,1327,1212,2151,1929,1898,1823,1630,647,508,2423,2268,2238,2168,1344,2016,131.8333333,70.76217714,1352,112,Type C (帳務/管理),1,0,164.6198064,2142.119806,7
005CLO07,CLOZARIL TAB 100 MG,TAB,600,1141210,46001,1708,1980,1954,1954,1785,1670,1670,1670,1655,1640,2193,2180,1958,1926,1926,1912,1898,1884,1823,2170,2143,2143,2097,2082,2053,2053,1798,1776,1776,1764,1950,1174,1174,1161,1135,1135,1121,410,614,40.75,62.85055972,1640,47,Type C (帳務/管理),1,1,146.2143675,757.4643675,7
005BIP02,BIPERIN TAB 2 MG,TAB,1000,1141210,46001,1918,1900,1876,1870,1748,1665,1658,1658,1648,1638,2630,2622,2436,2416,2416,2408,2400,2394,2325,2211,2187,2187,2133,2127,2113,2113,1906,1896,1896,1891,1865,617,617,613,601,600,593,308,461,30.25,50.9309757,1638,8,Type C (帳務/管理),1,1,118.48487,572.23487,7
005GEO01,GEODON CAP 40 MG,CAP,300,1141210,46001,554,554,554,554,526,498,498,498,470,470,770,766,740,738,738,737,736,735,710,709,707,707,700,698,696,696,667,665,665,665,664,241,241,240,238,238,237,69,104,5.388888889,10.03501805,470,0,Type C (帳務/管理),1,1,23.34527844,104.1786118,7
005REM08,REMICADE INJ 100 MG (&),VIAL,6,1141210,46001,5,5,14,14,14,14,14,9,5,2,8,8,8,8,8,8,8,8,8,8,8,8,8,8,8,4,4,4,4,7,7,7,7,7,7,7,7,5,7,0.472222222,1.298044928,2,0,Type C (帳務/管理),0,0,3.01974746,10.10308079,7
005RAD02,RADICUT INJ 30 MG/20 ML,AMP,20,1141210,46001,28,26,26,26,26,26,26,26,24,22,40,38,36,32,32,30,28,24,22,40,36,36,36,34,30,30,28,26,26,26,26,6,6,16,16,16,12,15,22,1.277777778,1.446396727,22,2,Type C (帳務/管理),1,0,3.364870313,22.53153698,7
005ENT03,ENTYVIO INJ 300 MG (&),VIAL,1,1141210,46001,1,1,1,1,1,1,1,1,1,1,1,1,1,1,1,0,0,0,0,0,0,0,0,0,0,0,0,0,0,1,1,1,1,1,1,1,1,1,1,0.055555556,0.232310684,1,1,Type C (帳務/管理),0,0,0.540443234,1.373776567,7
005IMF04,IMFINZI INJ 50 MG/ML 10 ML (&)(***),VIAL,10,1141210,46001,33,32,29,20,17,14,7,7,4,13,22,21,21,18,18,18,10,5,5,14,12,12,9,0,1,1,11,11,11,5,8,2,2,16,13,7,10,30,44,3.361111111,3.546851946,13,1,Type C (帳務/管理),0,0,8.251330078,58.66799674,7
005SHE03,SHECO GRANULES 8 MG/G 1 G,PKG,448,1141211,46002,826,794,750,741,680,599,571,567,534,494,477,903,883,831,831,789,771,726,693,659,625,614,603,590,566,563,557,529,514,503,486,210,210,394,359,359,298,293,439,27.05555556,19.52865213,477,22,Type C (帳務/管理),1,1,45.43109132,451.2644247,7
005ZUL01,ZULITOR TAB 4 MG,TAB,560,1141211,46002,329,318,298,291,270,225,221,220,199,181,162,660,642,612,605,597,576,557,528,503,494,477,476,460,445,430,425,416,408,372,347,551,540,1093,1070,1063,1058,151,227,16.44444444,12.6388165,162,62,Type C (帳務/管理),1,0,29.40270649,276.0693732,7
005DIQ01,DIQUAS OPH SOLN 3% 5 ML,BOT,10,1141211,46002,3,3,3,3,3,3,3,3,3,2,2,8,8,8,8,8,8,7,7,7,7,7,7,7,7,7,7,7,7,7,7,7,7,7,7,7,7,2,2,0.166666667,0.696932052,2,4,Type C (帳務/管理),0,0,1.621329701,4.121329701,7
005SIN08,SINPHADOL SC TAB 25 MG,TAB,1000,1141211,46002,2268,2181,2050,1985,1869,1683,1587,1571,1499,1407,1332,2194,2034,1961,1911,1754,1632,1599,1528,1439,1365,1274,1223,1129,2940,2809,2703,2637,2637,2521,2382,1435,1326,1123,986,978,872,1000,1500,99.5,48.60717172,1332,138,Type C (帳務/管理),1,0,113.0788158,1605.578816,7
005LES04,LESITON CAP 5 MG,CAP,90,1141211,46002,50,50,50,50,50,50,50,50,50,48,46,80,126,126,126,126,126,126,126,126,126,126,126,126,126,126,126,126,126,126,126,125,125,125,125,125,125,14,21,1.666666667,9.325847338,46,56,Type C (帳務/管理),1,1,21.69547695,46.69547695,7
005PRO39,PROGRAF CAP 0.5 MG (*),CAP,200,1141212,46003,323,310,282,280,260,236,236,236,229,222,216,207,384,308,307,296,286,272,254,227,174,172,160,144,615,595,574,553,553,538,524,426,422,409,388,388,378,207,311,15.69444444,14.8801295,207,23,Type C (帳務/管理),0,0,34.61685516,270.0335218,7
005TRA26,TRAJENTA DUO FC TAB 2.5 MG/850 MG,TAB,300,1141212,46003,339,626,601,555,539,447,442,430,374,356,340,319,551,510,510,490,470,450,431,374,334,304,580,549,519,519,452,422,422,580,574,931,924,905,886,882,845,263,394,27.5,21.96295583,319,68,Type C (帳務/管理),1,0,51.09420995,463.5942099,7
005HEM01,HEMOCLOT INJ 10% (500 MG/ 5 ML),AMP,500,1141215,46006,2240,2180,2062,2031,1975,1790,1723,1693,1623,1546,1464,1374,1277,1130,1114,1546,1460,1370,1969,1862,1711,1705,1647,2820,2589,2568,2485,2302,2287,2211,2091,1860,1830,1933,1708,1687,1588,995,1493,93.47222222,61.72681108,1114,68,Type C (帳務/管理),1,0,143.6000996,1545.683433,7
005VEM01,VEMLIDY FC TAB 25 MG,TAB,1800,1141215,46006,3732,3667,3537,3403,3214,2980,2905,2820,2599,2396,2230,2127,1869,1724,1678,3382,3258,3046,2901,2800,2730,2601,2542,2300,2068,1999,2146,1868,1824,1645,1393,1742,1675,1538,1296,1278,1129,1616,2424,147.6388889,72.53340227,1678,96,Type C (帳務/管理),1,0,168.7403514,2383.323685,7
005EXM01,EXMEM FC TAB 10 MG,TAB,280,1141215,46006,327,239,237,236,489,454,454,452,446,440,434,366,320,262,262,486,458,437,388,373,361,361,335,331,296,273,263,481,481,477,456,270,270,259,234,234,221,210,315,21.36111111,22.94857951,262,56,Type C (帳務/管理),1,0,53.38714647,373.8038131,7
005WEC01,WECOLI TAB 25 MG (***),TAB,2000,1141215,46006,5433,5020,4590,4451,4096,3512,3300,3222,3029,2840,4536,4097,6579,6125,6004,7825,7608,7307,6911,6575,6141,6053,5819,5483,4968,4839,4610,4231,4163,3845,3539,1937,1772,3608,3265,3204,3040,2960,4439,280.6111111,139.955764,6004,179,Type C (帳務/管理),1,1,325.5904736,2570.479362,3
005SMO08,SMOKQUIT TDDS 30 (52.5 mg) (***),PIE,7,1141215,46006,7,7,21,21,21,14,21,21,21,21,21,21,7,7,7,7,7,7,21,21,21,21,21,21,21,21,21,21,21,21,21,0,0,0,0,0,0,10,14,1.555555556,4.136557882,7,14,Type C (帳務/管理),0,0,9.623210945,32.95654428,7
005EXE06,EXELON PATCH 10 (***),PIE,30,1141215,46006,26,54,50,50,49,46,46,46,45,42,40,39,38,35,35,63,61,59,57,55,48,48,46,40,38,38,67,65,65,64,63,30,28,26,24,23,21,12,18,1.694444444,1.545859806,35,2,Type C (帳務/管理),1,1,3.596259361,29.01292603,7
005LYN02,LYNPARZA FC TAB 150 MG (&),TAB,336,1141215,46006,658,530,447,375,355,313,317,317,597,457,457,429,389,389,309,561,561,561,540,540,540,540,974,858,786,744,744,660,660,658,534,234,178,402,402,402,402,431,646,39.22222222,46.49922341,309,84,Type C (帳務/管理),0,0,108.1749243,696.5082576,7
005ROL02,ROLIKAN INJ 7% (70 MG/ML) 250 ML (***),BOT,100,1141215,46006,102,100,94,89,80,78,75,73,65,59,56,43,34,33,23,114,104,86,131,120,114,109,99,93,77,71,56,44,20,10,64,43,25,4,83,67,154,51,76,10.63888889,6.599362644,23,9,Type C (帳務/管理),0,0,15.35263391,174.9359672,7
005LEQ02,LEQEMBI CONC FOR SOLN FOR INF 100 MG/ML 2ML,VIAL,3,1141215,46006,0,0,0,0,0,0,0,0,0,0,0,0,0,0,0,0,0,0,0,0,0,0,0,0,0,0,0,0,0,0,0,0,0,0,0,0,0,1,2,0.083333333,0.5,0,3,Type B (突發爆量),0,0,1.163190655,2.413190655,7
005MIR10,MIRAPEX PR TAB 0.375 MG (*),TAB,200,1141216,46007,253,248,238,226,218,203,203,203,200,194,187,181,168,148,148,143,331,325,318,305,293,292,269,263,253,253,239,225,225,218,210,97,97,191,176,175,167,83,124,7.916666667,5.934764407,143,12,Type C (帳務/管理),1,1,13.806525,132.556525,7
005LAT03,LATUDA TAB 40 MG (*),TAB,420,1141216,46007,757,738,715,991,925,936,936,936,919,903,887,871,735,709,709,957,1360,1342,1259,1211,1190,1190,1159,1135,1102,1046,893,866,866,850,1095,483,483,735,709,709,692,296,444,32.63888889,37.77614726,957,17,Type C (帳務/管理),1,1,87.88172295,577.4650563,7
005VOR09,VORICONAZOLE SANDOZ INJ 200MG(###),VIAL,20,1141216,46007,34,32,30,30,30,30,30,30,27,25,23,21,19,16,11,16,32,28,24,20,13,13,11,29,25,25,23,20,20,17,15,18,18,28,25,25,22,12,18,2.138888889,1.759103307,16,4,Type C (帳務/管理),1,0,4.092345056,36.17567839,7
005MIR12,MIRTAZAPINE FC TAB 30 MG,TAB,800,1141216,46007,748,736,708,707,673,567,555,555,538,524,471,460,405,371,371,359,1136,1112,1074,1040,1016,1016,983,972,930,929,891,875,875,865,834,560,559,551,530,521,513,219,328,21.86111111,20.9382122,359,23,Type C (帳務/管理),1,1,48.71026553,376.6269322,7
005VAW02,VAWAY FC TAB 200 MG,TAB,14,1141216,46007,27,27,27,20,20,20,20,20,20,17,15,13,11,7,7,5,19,19,19,19,19,19,33,33,33,33,33,33,33,33,33,33,33,33,33,33,33,2,3,0.416666667,0.996422171,5,0,Type C (帳務/管理),1,1,2.318057916,8.568057916,7
005MET02,METHOTREXATE TAB 2.5 MG,TAB,200,1141216,46007,90,90,90,78,78,78,78,78,78,75,75,75,75,75,75,72,272,266,266,266,266,266,260,260,260,251,251,251,251,251,251,251,251,251,247,247,247,13,19,1.194444444,2.82660265,72,0,Type C (帳務/管理),1,1,6.575755576,24.49242224,7
005ETO04,ETOR FC TAB 60 MG,TAB,280,1141216,46007,30,55,55,53,43,106,103,103,94,91,87,82,65,51,50,48,316,306,303,289,280,279,261,256,238,208,205,197,189,188,183,157,143,140,137,136,126,57,86,8.222222222,7.642404674,48,12,Type C (帳務/管理),0,0,17.7791474,141.1124807,7
005BER10,BERYDONE ER TAB 3 MG,TAB,60,1141216,46007,15,70,64,63,63,63,63,63,63,63,60,58,56,50,50,48,106,104,101,98,92,92,90,88,84,84,82,78,78,76,73,42,42,40,36,36,34,33,49,4.194444444,11.19902915,48,2,Type C (帳務/管理),1,0,26.05321211,88.96987878,7
005BIO11,BIOFERMIN-R POWDER 1 G,PKG,360,1141216,46007,925,896,734,731,694,1116,1050,1050,1013,988,950,780,614,494,526,826,1498,1362,1245,1185,1068,1003,963,1230,1171,1129,1104,983,983,935,889,578,578,782,591,572,488,771,1156,75.58333333,58.28029562,826,48,Type C (帳務/管理),1,0,135.5821905,1269.33219,7
005BUP02,BUPORIN SR TAB 150 MG,TAB,300,1141216,46007,784,767,733,732,706,592,592,592,563,545,487,441,348,308,308,275,563,524,478,456,418,414,696,685,656,656,589,571,571,562,846,630,630,622,604,603,591,236,354,24.86111111,26.11420279,275,12,Type C (帳務/管理),1,0,60.7515933,433.66826,7
005VIT13,VITAMIN K1 INJ 10 MG/ML 1 ML (KATIMIN),AMP,650,1141216,46007,1722,1615,1480,1451,1353,1778,1717,1681,1584,1965,1831,1669,1508,1201,1183,2080,2597,2443,2249,2063,1762,1752,1642,1481,1749,1736,1621,1364,1353,1949,1891,1557,1530,1925,1689,1669,1575,1318,1976,134.8333333,93.2623029,2080,133,Type C (帳務/管理),1,1,216.9636784,2239.463678,7
005CER02,CERTICAN TAB 0.5 MG (***),TAB,1440,1141216,46007,232,226,206,205,183,151,271,271,265,260,254,248,292,220,220,213,1646,1617,1608,1585,1567,1567,1561,1551,1531,1531,1521,1491,1491,1479,1460,1311,1311,1304,1290,1290,1278,114,170,11.88888889,13.83324727,213,7,Type C (帳務/管理),1,1,32.18140792,210.5147413,7
005ALF01,ALFATAM CAP 0.4 MG,CAP,84,1141216,46007,117,116,88,88,88,88,88,87,86,86,85,84,83,81,81,79,162,159,156,150,146,146,143,140,130,130,122,116,116,112,86,47,23,301,295,294,289,33,49,4.527777778,7.137370909,79,1,Type C (帳務/管理),1,1,16.60424629,84.52091295,7
005FLU45,FLUIMUCIL GRANULES FOR ORAL SOLN 600 MG,PKG,2880,1141216,46007,2864,2760,2465,2380,2252,3326,3268,3236,3114,2983,2820,2674,2520,2156,2147,2006,4704,4560,4177,3977,3681,3672,3539,3363,3040,3015,2858,2572,2556,2338,2214,657,638,1933,1666,1657,1515,1414,2120,162.0833333,108.8402171,2006,182,Type C (帳務/管理),1,0,253.2038468,2684.453847,7
005TEV01,TEVIMBRA INJ 10 MG/ML 10 ML (專案進口-恩慈藥品),VIAL,6,1141216,46007,2,2,2,2,2,2,2,2,2,2,2,2,0,0,0,0,5,3,3,3,3,3,3,3,3,3,3,3,3,3,3,3,3,3,1,1,1,0,0,0.194444444,0.576662538,0,1,Type A (供應鏈缺貨),0,0,1.34153695,4.258203617,7
005LAT04,LATUDA TAB 80 MG (***),TAB,280,1141216,46007,345,325,310,309,266,383,383,383,374,364,354,344,282,262,262,245,509,501,493,448,434,434,422,414,398,398,354,327,327,319,591,422,421,413,401,401,395,128,192,14.02777778,14.65505493,245,16,Type C (帳務/管理),1,1,34.09324588,244.5099125,7
005BRO07,BROSYM INJ 2 G (1 G/1 G) (***),VIAL,900,1141216,46007,1299,1123,1707,2085,1941,1361,1332,1332,2058,1857,1670,2406,2244,1892,1880,1717,2432,2220,2004,1810,1410,1410,2146,2006,1758,1724,1575,1205,1195,1942,1766,1232,1220,1478,1078,1062,840,1718,2576,182.1111111,132.3762555,1717,185,Type C (帳務/管理),0,0,307.9576467,3039.624313,7
005PIP04,PIPE & TAZO INJ 2.25 G (2 G/0.25 G),VIAL,720,1141216,46007,1796,1602,1211,1160,952,203,150,140,721,527,299,766,901,403,403,230,748,592,1148,942,530,527,736,553,953,923,743,353,341,204,752,1165,1132,1324,876,873,701,1952,2928,201.6111111,161.9370738,230,202,Type C (帳務/管理),0,0,376.7273819,3400.894049,7
005XAN04,XANTHIUM SR CAP 200 MG,CAP,120,1141216,46007,154,149,140,130,127,112,105,105,103,99,89,84,82,78,78,75,192,188,184,180,172,172,139,138,130,130,127,121,120,115,111,62,61,119,111,109,103,73,109,5.277777778,5.843732228,75,3,Type C (帳務/管理),1,0,13.59474944,92.7614161,7
005BIO11,BIOFERMIN-R POWDER 1 G,PKG,360,1141216,46007,925,896,734,731,694,1116,1050,1050,1013,988,950,780,614,494,526,826,1498,1362,1245,1185,1068,1003,963,1230,1171,1129,1104,983,983,935,889,578,578,782,591,572,488,771,1156,75.58333333,58.28029562,826,48,Type C (帳務/管理),1,0,135.5821905,1269.33219,7
005WEG01,WEGOVY SOLN FOR INJ 2.4 MG (FLEX TOUCH),SYRIN,3,1141217,46008,0,0,0,0,0,0,0,0,0,0,0,0,0,0,0,0,0,3,3,3,3,3,3,3,3,3,3,3,3,3,3,3,3,3,0,0,0,0,0,0.25,1.105182596,0,3,Type B (突發爆量),0,0,2.571076137,6.321076137,7
005DUR13,DUROTINE 60 CAP 60 MG (***),CAP,150,1141217,46008,154,149,139,139,224,192,192,192,186,180,172,167,148,138,138,133,128,273,256,247,239,239,355,351,339,339,316,310,310,307,298,194,194,184,176,176,163,86,129,7.861111111,8.31574334,128,5,Type C (帳務/管理),1,0,19.34558989,137.2622566,7
005TRO05,TROKENDI XR CAP 50 MG (**),TAB,280,1141217,46008,381,377,369,369,351,339,337,337,316,312,306,299,270,260,260,255,238,515,512,497,491,488,481,476,470,470,434,432,432,400,391,222,221,213,211,211,209,67,101,8.111111111,9.245161755,238,3,Type C (帳務/管理),1,1,21.50777152,143.1744382,7
005OMN02,OMNITROPE SOLN FOR INJ 10 MG/1.5 ML (30 IU) (&),VIAL,7,1141217,46008,13,13,13,13,13,13,13,13,13,13,13,13,13,13,13,13,13,10,10,10,10,10,10,10,10,10,10,10,10,10,10,10,10,10,10,10,10,7,10,0.555555556,3.333333333,13,20,Type C (帳務/管理),1,1,7.754604367,16.0879377,7
005PAC01,PACXIB INJ 40 MG,VIAL,40,1141217,46008,92,87,74,67,65,98,95,94,88,86,72,59,46,28,25,23,20,55,118,109,102,102,94,93,78,78,74,68,67,56,43,197,194,185,179,176,176,59,89,6.888888889,5.486491347,20,5,Type C (帳務/管理),0,0,12.76367093,116.0970043,7
005ALV04,ALVOCEVA FC TAB 150 MG,TAB,60,1141217,46008,31,31,29,29,28,55,55,55,54,25,24,23,22,20,20,19,18,78,78,77,77,77,77,77,77,77,77,75,75,75,74,45,45,44,34,34,33,19,29,2.444444444,6.758885979,18,0,Type C (帳務/管理),0,0,15.72374602,52.39041269,7
005WEG01,WEGOVY SOLN FOR INJ 2.4 MG (FLEX TOUCH),SYRIN,3,1141217,46008,0,0,0,0,0,0,0,0,0,0,0,0,0,0,0,0,0,3,3,3,3,3,3,3,3,3,3,3,3,3,3,3,3,3,0,0,0,0,0,0.25,1.105182596,0,3,Type B (突發爆量),0,0,2.571076137,6.321076137,7
005EMG01,EMGALITY INJ 120 MG/ML (&),SYRIN,4,1141217,46008,2,2,2,2,2,1,1,1,1,1,1,1,1,1,1,1,1,3,2,2,2,2,2,2,2,2,2,2,2,2,2,2,2,2,2,2,2,1,1,0.111111111,0.398409536,1,2,Type C (帳務/管理),0,0,0.926852499,2.593519166,7
005OMN02,OMNITROPE SOLN FOR INJ 10 MG/1.5 ML (30 IU) (&),VIAL,10,1141217,46008,13,13,13,13,13,13,13,13,13,13,13,13,13,13,13,13,13,10,10,10,10,10,10,10,10,10,10,10,10,10,10,10,10,10,10,10,10,7,10,0.555555556,3.333333333,13,20,Type C (帳務/管理),1,1,7.754604367,16.0879377,7
005SET04,SETRON FC TAB 2 MG (***),TAB,100,1141218,46009,89,88,80,66,51,42,25,20,120,116,105,83,71,69,66,65,44,32,119,114,108,103,87,85,67,60,50,40,40,122,112,117,108,89,70,64,107,92,137,10.80555556,8.070473325,32,13,Type C (帳務/管理),0,0,18.77499831,180.8583316,7
005ARI06,ABIK ODT TAB 10 MG,TAB,280,1141218,46009,195,326,320,320,304,277,277,277,275,273,266,266,238,238,238,236,234,232,492,482,470,469,460,453,441,441,395,387,387,384,353,172,172,156,142,142,134,90,135,8.611111111,10.65103021,232,20,Type C (帳務/管理),1,1,24.7783576,153.9450243,7
005REX01,REXULTI TAB 2 MG,TAB,300,1141218,46009,1432.5,1400.5,1370.5,1369.5,1318.5,1207.5,1207.5,1207.5,1181.5,1164.5,1143.5,1125.5,1032.5,1003.5,1003.5,991.5,965.5,944.5,1196.5,1135.5,1114.5,1113.5,1391.5,1373.5,1341.5,1337.5,1244.5,1228.5,1228.5,1217.5,1199.5,411,411,389,367,365,352,253,379,25.41666667,26.94266399,944.5,48,Type C (帳務/管理),1,1,62.67890995,443.9289099,7
005SET02,SETRON FC TAB 1 MG (*),TAB,60,1141218,46009,85,77,77,77,71,70,65,65,65,65,65,63,60,60,60,57,54,43,86,84,80,80,78,77,75,67,57,42,22,79,79,72,72,68,62,62,59,20,29,3.361111111,4.511273357,43,17,Type C (帳務/管理),1,1,10.49494202,60.91160869,7
005PHE09,PHESGO SC INJ 600 MG/600 MG 10 ML (&)(*),VIAL,6,1141218,46009,7,7,6,3,3,2,1,1,10,10,10,9,9,7,7,6,5,7,12,10,9,9,9,9,8,8,7,6,4,6,8,6,6,5,4,3,3,9,13,0.805555556,0.821825301,7,1,Type C (帳務/管理),0,0,1.91187902,13.99521235,7
005PHE10,PHESGO SC INJ 1200 MG/600 MG 15 ML (&)(***),VIAL,2,1141218,46009,1,1,1,1,1,1,1,1,1,1,1,0,1,1,1,0,0,0,1,0,0,0,2,2,2,2,2,2,2,2,2,1,1,0,0,0,0,1,1,0.111111111,0.318727629,0,1,Type B (突發爆量),0,0,0.741481999,2.408148666,7
005ROL02,ROLIKAN INJ 7% (70 MG/ML) 250 ML (***),BOT,60,1141218,46009,102,100,94,89,80,78,75,73,65,59,56,43,34,33,23,114,104,86,131,120,114,109,99,93,77,71,56,44,20,10,64,43,25,4,83,67,154,51,76,10.63888889,6.599362644,86,15,Type C (帳務/管理),1,1,15.35263391,174.9359672,7
005DEP06,DEPAKINE CHRONO FC TAB 500 MG (***),TAB,300,1141219,46010,1317,1277,1255,1553,1371,1261,1247,1243,1228,1802,1783,1763,1605,1535,1535,1519,1499,1430,1325,1514,1450,1441,1387,1643,1585,1585,1380,1330,1330,1305,1277,594,594,560,516,516,490,490,735,46.36111111,48.88596221,1325,111,Type C (帳務/管理),1,1,113.7273888,809.1440555,7
005INV02,INVEGA ER TAB 6 MG,TAB,600,1141219,46010,531,512,489,489,532,467,467,467,448,591,576,568,504,489,489,480,462,512,478,1046,1030,1030,1015,1007,993,969,882,874,874,870,866,509,509,505,497,497,493,159,238,16.33333333,20.3890727,478,32,Type C (帳務/管理),1,1,47.43275767,292.4327577,7
005ROS04,ROSTAN CAP 20 MG,CAP,1000,1141219,46010,794,751,653,1552,1427,1078,1033,937,878,1761,1505,1349,1953,1745,1700,1598,1381,1229,1009,1838,1623,1571,1349,1215,1032,856,701,512,446,1228,2051,1689,1577,1431,1172,999,866,1319,1978,162.8888889,83.49021424,1009,171,Type C (帳務/管理),0,0,194.230074,2637.563407,7
005SYS04,SYSTANE ULTRA UNIT DOSE LUBRICANT EYE DROPS(32/盒),BOX,9,1141219,46010,13,13,13,13,13,13,13,13,13,13,13,13,13,11,11,11,9,7,7,6,2,2,11,11,5,4,14,11,10,18,18,19,18,17,15,14,14,12,17,1.333333333,2.574601217,7,10,Type C (帳務/管理),0,0,5.989504153,25.98950415,7
005LEV07,LEVOFLOXACIN FC TAB 750 MG,TAB,200,1141219,46010,135,122,86,76,41,20,14,14,342,338,318,289,276,266,259,257,227,194,178,350,342,339,326,277,244,237,214,191,191,171,148,108,106,790,736,736,721,160,239,18.30555556,13.82506925,178,28,Type C (帳務/管理),1,0,32.16238271,306.745716,7
005ACA01,ACAMPROSATE CALCIUM DR TAB 333 MG(專案進口),TAB,180,1141219,46010,16,13,7,7,19,10,10,10,7,2,27,22,19,13,13,10,7,4,1,178,172,172,169,166,160,160,142,142,142,142,142,162,162,162,162,162,162,13,19,2.75,3.588672656,1,3,Type C (帳務/管理),0,0,8.348620994,49.59862099,7
005REQ01,REQUIP FC TAB 0.25 MG (*),TAB,315,1141219,46010,453,443,439,439,437,423,423,423,423,423,423,412,408,400,370,367,364,359,354,637,604,603,601,593,593,593,593,593,593,589,584,624,624,619,569,569,569,81,122,6.75,11.47512838,354,32,Type C (帳務/管理),1,1,26.6955242,127.9455242,7
005UFO01,UFO INJ 2 G,VIAL,200,1141219,46010,406,385,341,441,430,391,391,391,367,327,488,458,430,372,372,443,416,389,357,525,461,461,437,421,385,385,467,431,422,402,389,332,332,300,248,235,204,233,349,25,17.78763616,357,32,Type C (帳務/管理),1,1,41.3808243,416.3808243,7
005CLO07,CLOZARIL TAB 100 MG,TAB,500,1141219,46010,1708,1980,1954,1954,1785,1670,1670,1670,1655,1640,2193,2180,1958,1926,1926,1912,1898,1884,1823,2170,2143,2143,2097,2082,2053,2053,1798,1776,1776,1764,1950,1174,1174,1161,1135,1135,1121,410,614,40.75,62.85055972,1823,153,Type C (帳務/管理),1,1,146.2143675,757.4643675,7
005MEG07,MEGAZON PR TAB 50 MG (*),TAB,300,1141219,46010,585,579,571,571,519,495,495,495,492,489,482,475,432,418,418,409,401,394,387,647,629,629,614,603,582,574,507,491,491,483,649,420,420,412,396,396,386,125,188,12.88888889,15.30597974,387,40,Type C (帳務/管理),1,1,35.60754521,228.9408785,7
005RAD02,RADICUT INJ 30 MG/20 ML,AMP,20,1141219,46010,28,26,26,26,26,26,26,26,24,22,40,38,36,32,32,30,28,24,22,40,36,36,36,34,30,30,28,26,26,26,26,6,6,16,16,16,12,15,22,1.277777778,1.446396727,22,2,Type C (帳務/管理),1,0,3.364870313,22.53153698,7
005SMO09,SMOKQUIT TDDS 20 (35 mg) (*),PIE,7,1141219,46010,0,0,0,0,0,0,0,0,0,0,0,0,0,0,0,0,0,0,0,0,0,0,0,0,0,0,0,0,0,0,0,0,0,0,0,0,0,7,11,0.777777778,2.231093404,0,7,Type B (突發爆量),0,0,5.190373996,16.85704066,7
005IMF04,IMFINZI INJ 50 MG/ML 10 ML (&)(***),VIAL,20,1141219,46010,33,32,29,20,17,14,7,7,4,13,22,21,21,18,18,18,10,5,5,14,12,12,9,0,1,1,11,11,11,5,8,2,2,16,13,7,10,30,44,3.361111111,3.546851946,5,11,Type C (帳務/管理),0,0,8.251330078,58.66799674,7
005TAL02,TALTZ INJ 80 MG (&),SYRIN,4,1141219,46010,2,2,2,2,2,2,2,2,2,2,2,2,2,2,2,2,2,2,2,5,3,3,3,3,3,3,3,3,3,3,3,3,3,3,3,3,3,1,1,0.083333333,0.368394199,2,1,Type C (帳務/管理),1,1,0.857025379,2.107025379,7
005ZYV02,ZYVOX INJ 2MG/ML 300 ML,BAG,200,1141219,46010,75,65,55,51,40,13,13,10,53,43,31,56,41,13,10,71,56,40,18,194,147,141,114,78,38,32,69,16,13,53,31,102,98,154,107,103,76,131,196,18.75,14.08621413,18,24,Type C (帳務/管理),0,0,32.76990529,314.0199053,7
005SUP07,SUPECEF INJ 500 MG,VIAL,100,1141219,46010,214,268,244,244,220,160,160,160,152,268,260,252,244,228,228,220,212,212,204,296,280,270,268,265,241,241,329,305,305,305,300,184,184,180,172,172,170,80,120,8.777777778,11.65727513,204,8,Type C (帳務/管理),1,1,27.11926699,158.7859337,7
005ADD01,ADDAVEN CONCENTRATE INJ 10 ML,AMP,40,1141219,46010,92,87,73,69,67,47,47,47,100,98,93,88,80,70,69,67,63,57,52,87,76,76,72,64,54,54,85,73,73,70,65,56,56,46,38,36,34,60,89,5.361111111,4.555391015,52,5,Type C (帳務/管理),0,0,10.59757652,91.01424318,7
005CRE03,CRESTOR FC TAB 20 MG (***),TAB,280,1141222,46013,334,307,255,247,239,202,184,183,441,433,423,410,390,344,344,330,317,289,264,207,169,166,434,406,397,397,375,347,344,324,267,151,147,396,378,378,363,213,320,21.25,17.86357027,166,12,Type C (帳務/管理),0,0,41.55747601,360.307476,7
005SYS04,SYSTANE ULTRA UNIT DOSE LUBRICANT EYE DROPS(32/盒),BOX,9,1141222,46013,13,13,13,13,13,13,13,13,13,13,13,13,13,11,11,11,9,7,7,6,2,2,11,11,5,4,14,11,10,18,18,19,18,17,15,14,14,12,17,1.333333333,2.574601217,2,0,Type C (帳務/管理),0,0,5.989504153,25.98950415,7
005ALY02,ALYMSYS INJ 25 MG/ML 4 ML (&),VIAL,20,1141222,46013,16,8,14,10,6,29,26,26,27,24,10,40,37,33,25,16,28,24,15,15,15,15,21,14,32,29,18,16,8,54,56,42,42,42,42,42,43,59,89,6.888888889,10.0506653,15,14,Type C (帳務/管理),0,0,23.38167991,126.7150132,7
005VIM04,VIMPAT INJ 10 MG/ML 20 ML,VIAL,100,1141222,46013,269,266,251,248,238,208,204,204,194,381,365,350,335,309,301,286,268,248,236,220,185,185,268,253,219,219,307,281,279,274,269,340,340,333,317,317,312,82,123,12.33333333,9.564816479,185,17,Type C (帳務/管理),1,1,22.25141029,207.2514103,7
005STA09,STABLE TAB 25 MG,TAB,1000,1141222,46013,2181,2090,2020,1953,1918,1830,1817,1809,1748,1661,1614,1571,1496,1366,1359,1290,1219,1159,1051,894,737,731,1548,1489,1285,1191,1139,1021,1012,963,915,278,247,1181,1066,1058,983,701,1051,73.52777778,49.39663731,731,183,Type C (帳務/管理),1,0,114.9154138,1217.83208,7
005MAD04,MADOPAR TAB 200 MG/50 MG,TAB,500,1141222,46013,1102,1053,973,941,1205,1086,1086,1085,1041,1010,948,892,1348,1294,1287,1243,1210,1155,1113,1044,987,986,1453,1436,1392,1366,1318,1267,1267,1221,1113,388,388,959,888,886,834,440,660,43.02777778,30.11263248,986,33,Type C (帳務/管理),1,1,70.0534654,715.4701321,7
005VAW02,VAWAY FC TAB 200 MG,TAB,14,1141222,46013,27,27,27,20,20,20,20,20,20,17,15,13,11,7,7,5,19,19,19,19,19,19,33,33,33,33,33,33,33,33,33,33,33,33,33,33,33,2,3,0.416666667,0.996422171,19,0,Type C (帳務/管理),1,1,2.318057916,8.568057916,7
005VAW01,VAWAY LYO INJ 200 MG,VIAL,10,1141222,46013,18,18,18,18,18,18,18,18,18,18,18,18,18,18,18,18,18,18,13,11,7,7,15,14,9,9,17,13,13,21,20,15,15,13,9,9,7,4,6,1.138888889,1.709682974,7,2,Type C (帳務/管理),1,1,3.977374518,21.06070785,7
005BRO07,BROSYM INJ 2 G (1 G/1 G) (***),VIAL,900,1141222,46013,1299,1123,1707,2085,1941,1361,1332,1332,2058,1857,1670,2406,2244,1892,1880,1717,2432,2220,2004,1810,1410,1410,2146,2006,1758,1724,1575,1205,1195,1942,1766,1232,1220,1478,1078,1062,840,1718,2576,182.1111111,132.3762555,1410,164,Type C (帳務/管理),0,0,307.9576467,3039.624313,7
005CEF21,CEFULIN INJ 2 G,VIAL,300,1141222,46013,564,543,509,704,683,624,619,619,602,589,579,560,535,493,493,571,556,543,530,516,481,481,773,761,741,741,825,793,793,783,774,444,444,435,419,409,398,201,302,14.63888889,13.16738997,481,8,Type C (帳務/管理),1,1,30.63236994,250.2157033,7
005LEF06,LEFLODAL IV INF 5 MG/ML 50 ML (*),BOT,360,1141222,46013,161,131,60,282,246,157,145,135,364,331,282,247,221,157,157,235,203,285,235,188,113,110,429,387,328,322,300,245,245,347,318,280,280,271,226,226,217,292,437,30.80555556,23.29539433,110,41,Type C (帳務/管理),0,0,54.19396997,516.2773033,7
005STO04,STOGAMET FC TAB 300 MG,TAB,3000,1141222,46013,2236,4129,3769,3435,6144,5626,5393,5198,5023,4717,4480,4179,3879,3439,3319,3127,2877,2548,2268,1871,1532,1396,4102,3887,3534,3275,5097,4867,4775,4511,4240,2974,2667,4396,4029,3806,3684,2506,3759,268.2777778,95.44949633,1396,294,Type C (帳務/管理),0,0,222.0519243,2368.274147,3
005CAR20,CARICALM TAB 175 MG/350 MG/32MG,TAB,1000,1141222,46013,1749,1698,1597,1595,1484,1360,1320,1281,1224,1204,1163,1074,1036,953,953,926,856,821,761,699,587,566,1485,1450,1401,1377,1317,1284,1284,1266,1221,1227,1194,1141,1106,1104,1092,496,744,48.52777778,32.88115927,566,81,Type C (帳務/管理),1,0,76.49411438,804.410781,7
005HYD10,HYDREA CAP 500 MG,CAP,100,1141222,46013,169,165,159,159,156,147,147,147,147,147,147,147,147,147,147,147,146,142,139,136,130,127,222,220,216,216,212,204,204,202,168,75,75,73,69,69,67,24,36,3.027777778,5.857771937,127,5,Type C (帳務/管理),1,1,13.62741115,59.04407782,7
005ALC02,ALCOS-ANAL SUPP,SUPP,200,1141222,46013,315,304,266,250,211,165,165,165,355,435,421,391,374,348,344,319,277,247,241,229,207,199,370,348,301,279,264,224,210,364,353,190,164,349,312,308,285,214,321,22.13888889,13.55655409,199,29,Type C (帳務/管理),0,0,31.53771406,363.6210474,7
005NOV02,NOVAMIN TAB 5 MG,TAB,1000,1141222,46013,2928,2822,2552,2431,2232,2855,2523,2340,2176,1830,3604,3135,2729,2401,2309,2141,1934,1747,2374,2132,1880,1650,2422,2184,2982,2788,2649,2462,2245,3889,3618,4111,3968,3721,3364,3166,3001,2499,3749,240.5,89.64166761,1650,228,Type C (帳務/管理),0,0,208.5407001,2132.5407,3
005STA06,STALEVO FC TAB 100 MG/25 MG/200 MG,TAB,180,1141222,46013,265,259,247,245,239,221,221,221,218,215,212,206,290,284,284,278,271,258,251,244,221,218,375,370,364,318,313,303,303,295,286,150,150,146,137,135,131,53,79,9.194444444,12.63514248,218,23,Type C (帳務/管理),1,1,29.39415931,167.310826,7
005REX02,REXABALIN FC TAB 75 MG,TAB,300,1141222,46013,44,98,92,92,89,78,78,78,74,189,163,156,128,115,114,108,102,82,77,62,54,51,322,304,297,297,281,278,278,275,272,255,253,248,123,121,117,55,82,11.38888889,21.12449868,51,29,Type C (帳務/管理),0,0,49.14363891,219.9769722,7
005COX01,COXINE SR TAB 40 MG,TAB,300,1141222,46013,541,521,501,501,491,476,473,445,440,410,391,349,340,308,307,301,266,256,231,215,193,193,475,456,438,433,426,404,403,396,386,276,276,253,227,225,218,131,196,14.80555556,11.06298705,193,18,Type C (帳務/管理),1,0,25.73672631,247.8200596,7
005DEP01,DEPAKINE EC TAB 200 MG (*),TAB,400,1141222,46013,857,849,829,1229,1174,1121,1121,1121,1115,1109,1098,1094,1019,1009,1009,1004,999,994,969,922,888,888,1272,1663,1647,1641,1557,1531,1531,1521,1506,718,718,692,614,614,585,213,320,20.38888889,23.975318,888,16,Type C (帳務/管理),1,1,55.77573169,361.609065,7
005LYN02,LYNPARZA FC TAB 150 MG (&),TAB,560,1141222,46013,658,530,447,375,355,313,317,317,597,457,457,429,389,389,309,561,561,561,540,540,540,540,974,858,786,744,744,660,660,658,534,234,178,402,402,402,402,431,646,39.22222222,46.49922341,540,126,Type C (帳務/管理),1,0,108.1749243,696.5082576,7
005TRA26,TRAJENTA DUO FC TAB 2.5 MG/850 MG,TAB,300,1141222,46013,339,626,601,555,539,447,442,430,374,356,340,319,551,510,510,490,470,450,431,374,334,304,580,549,519,519,452,422,422,580,574,931,924,905,886,882,845,263,394,27.5,21.96295583,304,24,Type C (帳務/管理),1,0,51.09420995,463.5942099,7
005CON09,CONST K ER TAB 1500 MG (20 mEq) (***),TAB,1000,1141223,46014,1240,1065,1843,1781,1661,1294,1225,1221,1073,1953,1811,1697,2571,2290,2249,2114,1955,1819,1666,1530,1271,1254,1108,2309,2046,1986,1835,1510,1463,1337,1212,1149,1111,1011,752,739,1149,1369,2053,146.9722222,92.43823764,1108,299,Type C (帳務/管理),0,0,215.0465884,2419.629922,7
005ZEJ02,ZEJULA TAB 100 MG (&),TAB,270,1141223,46014,172,172,172,116,116,116,116,116,116,116,116,236,236,236,166,153,153,153,111,99,99,99,159,69,13,13,13,13,13,73,73,93,93,93,93,93,93,162,243,16.91666667,61.53901202,159,360,Type C (帳務/管理),0,0,143.1632074,396.9132074,7
005ALB01,ALBUTEIN INJ 25% 50 ML (HUMAN ALBUMIN),BOT,600,1141224,46015,641,526,354,317,329,581,522,508,1285,1199,1068,945,822,645,619,469,946,833,715,565,351,322,442,326,742,676,940,719,692,588,472,674,648,775,606,586,468,1110,1665,116.5,60.04831388,326,184,Type C (帳務/管理),0,0,139.6952751,1887.195275,7
005LUC02,LUCKYHEPA CAP,CAP,3000,1141224,46015,4847,11099,9997,9429,8842,7155,6888,6661,5995,10430,9657,8923,12889,11825,11620,11009,10336,9780,8976,8327,7265,6787,6029,5155,7013,6554,5708,4656,4545,13882,13167,7630,7362,6430,5218,5039,4501,7273,10909,727.5,352.016274,5155,1142,Type C (帳務/管理),0,0,818.9240806,6638.924081,3
005GLY10,GLYCEROL INJ 10% 250 ML,BAG,80,1141224,46015,139,136,126,125,123,118,113,111,99,88,74,179,173,147,146,140,125,111,181,157,122,116,102,92,147,147,126,89,89,163,229,194,188,179,156,156,150,105,157,10.86111111,9.745776456,92,25,Type C (帳務/管理),0,0,22.6723922,185.5890589,7
005XAM01,XAMIOL GEL 50 MCG/0.5 MG/GM 30 GM,BOT,3,1141224,46015,1,1,1,1,1,1,1,1,1,1,1,1,1,1,1,1,1,1,1,1,1,1,1,0,3,3,3,3,3,3,3,3,3,3,2,2,2,0,0,0.055555556,0.232310684,0,0,Type A (供應鏈缺貨),0,0,0.540443234,1.373776567,7
005FEB01,FE-BACK INJ 20 MG/ML 5 ML,VIAL,0,1141224,46015,33,32,30,28,27,27,27,27,27,26,25,25,25,24,24,24,23,23,23,23,11,11,11,10,10,10,9,7,7,57,56,60,60,59,57,57,57,9,14,0.555555556,0.734630887,10,0,Type C (帳務/管理),1,0,1.709031565,10.0423649,7
005SIN08,SINPHADOL SC TAB 25 MG,TAB,2000,1141224,46015,2268,2181,2050,1985,1869,1683,1587,1571,1499,1407,1332,2194,2034,1961,1911,1754,1632,1599,1528,1439,1365,1274,1223,1129,2940,2809,2703,2637,2637,2521,2382,1435,1326,1123,986,978,872,1000,1500,99.5,48.60717172,1129,189,Type C (帳務/管理),1,0,113.0788158,1605.578816,7
005SMO09,SMOKQUIT TDDS 20 (35 mg) (*),PIE,7,1141224,46015,0,0,0,0,0,0,0,0,0,0,0,0,0,0,0,0,0,0,0,0,0,0,0,0,0,0,0,0,0,0,0,0,0,0,0,0,0,7,11,0.777777778,2.231093404,0,7,Type B (突發爆量),0,0,5.190373996,16.85704066,7
005MEL10,MELETIN CAP 100 MG,CAP,500,1141224,46015,496,941,830,826,770,1113,1113,1102,1485,1404,1354,1294,1248,1071,1043,944,917,884,850,811,704,697,652,591,964,962,917,834,827,732,680,101,91,1026,950,915,882,560,840,59.80555556,44.83991809,591,127,Type C (帳務/管理),1,0,104.3147474,1001.398081,7
005ETU02,ETUMINE TAB 40 MG,TAB,500,1141224,46015,550,529,494,494,932,859,1059,1059,1036,1002,963,943,872,831,831,779,755,723,696,617,581,581,545,528,989,989,923,893,893,877,837,414,414,404,386,386,376,242,362,27.52777778,23.1757091,528,39,Type C (帳務/管理),1,1,53.91553649,466.8322032,7
005MES01,MESTINON SC TAB 60 MG,TAB,300,1141224,46015,281,279,275,225,223,205,205,205,199,194,187,180,173,135,135,117,117,115,113,111,107,107,105,94,378,376,302,298,298,296,294,253,253,251,247,230,195,92,137,9.694444444,15.94959819,94,16,Type C (帳務/管理),1,0,37.10484714,182.5215138,7
005ELT03,ELTROXIN TAB 0.05 MG (*),TAB,1000,1141224,46015,1243,1968,1755,1687,1562,1241,1053,1024,1944,1851,1551,1444,2303,1974,1891,1772,2152,2002,1793,1715,1590,1587,1535,1407,2038,2011,1803,1624,1590,1520,1395,649,603,1470,1212,1201,1066,1397,2095,148.6666667,99.71416291,1407,369,Type C (帳務/管理),1,0,231.973165,2461.973165,7
005WEL03,WELLBUTRIN XL TAB 150 MG,TAB,300,1141224,46015,320,611,595,593,556,516,516,516,507,498,489,480,424,404,404,391,360,350,341,308,290,290,275,242,514,514,470,438,438,420,402,140,140,413,379,379,359,156,234,18.30555556,16.40700102,242,28,Type C (帳務/管理),1,1,38.16894053,312.7522739,7
005RAS01,RASITOL INJ 10 MG/ML 2 ML,AMP,2000,1141224,46015,3649,3451,3097,4059,3956,3421,3345,3251,3020,2874,3646,3406,3241,2857,2817,3629,3494,4325,4153,3966,3630,3583,3371,3133,4622,4545,5340,4744,4678,4522,4347,3396,3327,5197,4880,4773,4728,1824,2736,202.3611111,140.180527,3133,511,Type C (帳務/管理),1,1,326.1133581,1945.002247,3
005TRI25,TRICON SC TAB 250 MG,TAB,1000,1141224,46015,2159,2133,2023,1783,1575,1501,1501,1381,1343,1101,1959,1763,1601,1443,1401,1375,1259,1225,998,910,700,658,612,499,2286,2134,2078,1868,1864,1781,1595,1175,1175,1159,1113,1089,1036,1108,1661,107.0277778,78.07523336,499,212,Type C (帳務/管理),0,0,181.6327637,1787.04943,7
005NOR12,NORMOSANG INJ 25 MG/ML 10 ML,AMP,4,1141224,46015,4,4,4,4,4,4,4,4,4,4,4,4,4,4,4,4,4,4,4,4,4,4,2,1,3,3,3,3,3,3,3,3,3,3,3,3,3,2,3,0.138888889,0.487136108,1,2,Type C (帳務/管理),0,0,1.133264336,3.216597669,7
005BIO09,BIO-THREE TAB 2 MG/10 MG/10 MG,TAB,1200,1141224,46015,1535,1502,1415,1379,1355,1283,1283,1283,1259,1235,1145,1127,1104,840,1038,1023,1008,993,960,946,916,916,900,880,1986,1986,1968,1932,1932,1909,1888,1507,1507,1489,1453,1453,1435,369,553,33.36111111,46.55635772,880,94,Type C (帳務/管理),1,1,108.3078405,608.7245071,7
005PRA08,PRALUENT INJ 75 MG/ML 1 ML (&),SYRING,10,1141224,46015,1,1,1,1,1,1,1,1,1,1,1,1,1,1,1,1,1,1,1,1,1,1,1,1,11,5,5,5,5,5,5,5,5,5,5,5,5,1,2,0.166666667,1,1,0,Type C (帳務/管理),0,0,2.32638131,4.82638131,7
005KIS01,KISQALI FC TAB 200 MG (&),TAB,441,1141226,46017,374,282,319,295,295,295,295,212,499,499,499,499,499,467,446,446,446,410,371,370,366,286,286,286,280,253,570,570,547,487,396,181,181,370,307,286,258,243,365,27.55555556,34.36895979,253,120,Type C (帳務/管理),1,0,79.9553057,493.288639,7
005DAR01,DARZALEX INJ 20 MG/ML 20 ML (&) (*),VIAL,6,1141226,46017,5,5,5,5,5,3,2,2,7,7,7,7,5,5,5,5,5,5,5,5,5,5,3,3,3,3,7,7,7,7,7,5,5,3,3,3,2,4,5,0.333333333,0.755928946,3,2,Type C (帳務/管理),0,0,1.758578972,6.758578972,7
005SCE02,SCEMBLIX FC TAB 40 MG (專案進口-恩慈藥品)(***),TAB,60,1141226,46017,116,116,116,116,116,116,116,116,116,116,116,116,116,116,116,116,116,116,116,116,116,116,116,116,116,116,56,56,56,56,56,27,27,27,27,27,7,13,20,6.666666667,27.8772821,116,120,Type C (帳務/管理),1,1,64.85318805,164.853188,7
005ZYV01,ZYVOX TAB 600 MG,TAB,60,1141226,46017,110,110,110,110,110,110,110,110,82,79,73,69,125,117,117,112,109,91,89,67,63,63,61,43,37,37,67,65,65,64,63,44,28,47,47,47,47,37,56,5.111111111,8.221149651,37,30,Type C (帳務/管理),0,0,19.1255289,95.79219556,7
005PRO27,PROSCAR TAB 5 MG,TAB,60,1141226,46017,43,41,67,67,38,35,35,35,34,33,31,119,116,110,110,107,104,101,98,94,70,70,67,64,58,58,113,103,103,84,81,60,60,58,54,54,52,29,44,4.277777778,6.509821639,58,5,Type C (帳務/管理),1,1,15.14432739,79.31099406,7
005SAN01,SANDIMMUN SOLN 100 MG/ML 50 ML,BOT,3,1141226,46017,3,3,3,3,3,3,3,3,3,2,2,1,2,2,2,2,2,1,2,2,2,2,2,2,2,2,4,4,4,4,4,3,3,3,3,3,3,2,2,0.138888889,0.350736187,2,1,Type C (帳務/管理),0,0,0.815946111,2.899279444,7
005YUP01,YUPIME INJ 500 MG,VIAL,1000,1141226,46017,1849,2393,2119,2087,1982,1641,1627,1600,1471,2136,2047,2420,2291,2011,2011,1897,1819,1739,1869,1987,1805,1805,1905,2083,1757,1757,2671,2389,2369,2282,2174,734,734,1184,944,944,849,1099,1648,116.4722222,98.54440221,1757,86,Type C (帳務/管理),1,1,229.2518555,1976.335189,7
005IMF04,IMFINZI INJ 50 MG/ML 10 ML (&)(***),VIAL,10,1141226,46017,33,32,29,20,17,14,7,7,4,13,22,21,21,18,18,18,10,5,5,14,12,12,9,0,1,1,11,11,11,5,8,2,2,16,13,7,10,30,44,3.361111111,3.546851946,1,0,Type C (帳務/管理),0,0,8.251330078,58.66799674,7
005MVA01,MVASI INJ 25 MG/ML 4 ML (&),VIAL,56,1141226,46017,52,45,37,37,35,13,13,13,34,34,34,27,27,27,27,24,46,41,26,23,23,20,39,30,22,22,59,59,59,56,56,47,47,40,40,40,40,46,69,4.222222222,5.596484157,22,19,Type C (帳務/管理),0,0,13.01955615,76.35288948,7
005LUC02,LUCKYHEPA CAP,CAP,10000,1141229,46020,4847,11099,9997,9429,8842,7155,6888,6661,5995,10430,9657,8923,12889,11825,11620,11009,10336,9780,8976,8327,7265,6787,6029,5155,7013,6554,5708,4656,4545,13882,13167,7630,7362,6430,5218,5039,4501,7273,10909,727.5,352.016274,4545,663,Type C (帳務/管理),0,0,818.9240806,6638.924081,3
005BIS08,BISTIN TAB 20 MG,TAB,1000,1141229,46020,749,742,720,647,639,612,610,610,604,580,545,518,476,459,459,452,426,414,405,391,370,370,316,273,152,117,103,60,53,1028,986,911,904,870,834,826,776,146,218,26,24.05588731,53,25,Type C (帳務/管理),0,0,55.96316664,445.9631666,7
005DAY01,DAYVIGO TAB 5 MG,TAB,280,1141229,46020,424,417,403,403,389,361,356,356,350,344,331,311,288,278,278,271,266,256,246,242,234,234,228,221,207,179,165,142,142,386,382,289,289,279,273,273,266,97,145,9.805555556,8.886006477,142,36,Type C (帳務/管理),1,0,20.67223939,167.7555727,7
005VIA05,VIARTRIL-S POWDER FOR ORAL SOLN 1500 MG/SACHET,PKG,150,1141229,46020,206,206,206,206,266,266,266,266,266,296,296,296,296,296,295,294,293,292,291,269,267,267,266,265,263,143,142,131,131,159,158,89,89,88,86,86,85,108,162,11.5,30.40441697,131,122,Type C (帳務/管理),1,0,70.73226739,243.2322674,7
005SYN10,SYNAGIS INJ 100 MG/ML 0.5 ML,VIAL,4,1141229,46020,3,3,3,3,2,2,2,2,2,2,2,2,2,2,2,2,1,1,1,1,1,1,1,1,1,1,1,1,1,5,5,4,4,4,4,4,4,2,3,0.138888889,0.424451093,1,2,Type C (帳務/管理),0,0,0.987435089,3.070768423,7
005IMJ01,IMJUDO INJ 20 MG/ML 15 ML (&),VIAL,1,1141229,46020,1,1,1,1,1,1,1,1,1,1,1,1,1,1,1,1,1,1,1,1,1,1,1,1,1,1,1,1,1,1,1,0,0,0,0,0,0,1,1,0.055555556,0.232310684,1,1,Type C (帳務/管理),0,0,0.540443234,1.373776567,7
005NEU01,NEUQUINON SC TAB 10 MG,TAB,1000,1141229,46020,847,790,781,781,772,752,748,685,666,609,423,417,411,574,574,563,502,489,485,464,454,452,442,436,420,415,378,528,506,1261,1258,1197,1195,1184,1166,1164,1147,325,487,29.22222222,49.87533665,506,245,Type C (帳務/管理),1,1,116.029051,554.3623844,7
005ALC02,ALCOS-ANAL SUPP,SUPP,200,1141229,46020,315,304,266,250,211,165,165,165,355,435,421,391,374,348,344,319,277,247,241,229,207,199,370,348,301,279,264,224,210,364,353,190,164,349,312,308,285,214,321,22.13888889,13.55655409,210,46,Type C (帳務/管理),0,0,31.53771406,363.6210474,7
005ALY02,ALYMSYS INJ 25 MG/ML 4 ML (&),VIAL,50,1141229,46020,16,8,14,10,6,29,26,26,27,24,10,40,37,33,25,16,28,24,15,15,15,15,21,14,32,29,18,16,8,54,56,42,42,42,42,42,43,59,89,6.888888889,10.0506653,8,4,Type C (帳務/管理),0,0,23.38167991,126.7150132,7
005ACZ01,ACZO GEL 5% (50 MG/G) 10 G,TUB,10,1141229,46020,9,9,9,9,9,9,9,9,9,9,9,7,7,5,5,4,4,4,3,3,3,3,3,3,3,3,3,2,1,7,7,6,6,5,5,5,4,4,5,0.388888889,0.837608084,1,4,Type C (帳務/管理),0,0,1.948595791,7.781929124,7
005UWA01,UWARIN TAB 1 MG (*),TAB,300,1141229,46020,436,409,385,385,356,293,264,255,741,703,674,632,588,555,553,534,508,488,456,440,404,397,369,353,317,297,265,225,223,998,970,791,788,766,736,734,709,298,447,24.83333333,14.26984833,223,24,Type C (帳務/管理),0,0,33.19710846,405.6971085,7
005COR10,CORALAN FC TAB 5 MG,TAB,224,1141229,46020,469,443,413,411,395,345,340,340,883,844,810,793,773,657,657,640,622,604,560,534,503,503,481,473,431,426,415,386,386,596,574,317,316,309,281,280,268,237,355,20.61111111,21.27544229,386,14,Type C (帳務/管理),1,1,49.4947913,358.661458,7
005ACT13,ACTEIN EFFERVESCENT GRANULES 600 MG,PKG,9072,1141229,46020,5787,4823,3561,3135,2208,296,2817,2574,4811,3945,5949,4876,6865,5359,5043,7286,6111,5281,7469,6630,5493,5250,4495,3631,5183,4703,3788,2455,2309,10455,9677,11197,10778,9904,8744,8466,7783,9045,13567,865.2777778,399.105472,2309,926,Type C (帳務/管理),0,0,928.4715108,2659.027066,1
005OFE01,OFEV SOFT CAP 150 MG (&) (***),CAP,120,1141230,46021,89,89,89,89,89,89,89,89,89,89,89,89,89,89,89,89,89,89,89,89,89,89,89,86,82,82,78,74,74,72,135,123,123,121,117,117,117,28,41,2.416666667,9.515025711,72,57,Type C (帳務/管理),1,1,22.13557798,58.38557798,7
005UCA01,U-CA SOFT CAP 0.25 MCG,CAP,500,1141230,46021,643,639,622,617,539,511,483,481,472,452,427,390,861,828,807,763,743,725,678,645,593,593,579,555,514,490,437,386,385,338,782,618,617,602,580,580,567,287,431,25.97222222,18.81866264,338,56,Type C (帳務/管理),1,0,43.77938504,433.3627184,7
005DUP06,DUPIXENT INJ 300 MG/2 ML (&) (***),SYRING,28,1141230,46021,18,18,18,18,18,18,17,17,12,12,12,12,11,10,10,10,10,10,10,10,4,4,8,7,7,7,6,6,6,4,20,19,19,17,17,17,17,12,17,0.916666667,2.322252601,4,12,Type C (帳務/管理),0,0,5.402445048,19.15244505,7
005ROL02,ROLIKAN INJ 7% (70 MG/ML) 250 ML (***),BOT,20,1141230,46021,102,100,94,89,80,78,75,73,65,59,56,43,34,33,23,114,104,86,131,120,114,109,99,93,77,71,56,44,20,10,64,43,25,4,83,67,154,51,76,10.63888889,6.599362644,10,26,Type C (帳務/管理),0,0,15.35263391,174.9359672,7
005MIT04,MITONCO INJ 10 MG,VIAL,10,1141230,46021,11,11,9,9,9,9,9,8,8,7,7,5,5,5,5,5,4,4,3,3,3,3,3,3,3,3,3,3,3,3,6,6,5,5,5,5,5,3,5,0.472222222,1.253249744,3,7,Type C (帳務/管理),0,0,2.915536781,9.998870114,7
005BIO11,BIOFERMIN-R POWDER 1 G,PKG,240,1141231,46022,925,896,734,731,694,1116,1050,1050,1013,988,950,780,614,494,526,826,1498,1362,1245,1185,1068,1003,963,1230,1171,1129,1104,983,983,935,889,578,578,782,591,572,488,771,1156,75.58333333,58.28029562,889,195,Type C (帳務/管理),1,0,135.5821905,1269.33219,7
005DEP06,DEPAKINE CHRONO FC TAB 500 MG (***),TAB,600,1141231,46022,1317,1277,1255,1553,1371,1261,1247,1243,1228,1802,1783,1763,1605,1535,1535,1519,1499,1430,1325,1514,1450,1441,1387,1643,1585,1585,1380,1330,1330,1305,1277,594,594,560,516,516,490,490,735,46.36111111,48.88596221,1277,66,Type C (帳務/管理),1,1,113.7273888,809.1440555,7
005CON09,CONST K ER TAB 1500 MG (20 mEq) (***),TAB,1000,1141231,46022,1240,1065,1843,1781,1661,1294,1225,1221,1073,1953,1811,1697,2571,2290,2249,2114,1955,1819,1666,1530,1271,1254,1108,2309,2046,1986,1835,1510,1463,1337,1212,1149,1111,1011,752,739,1149,1369,2053,146.9722222,92.43823764,1212,264,Type C (帳務/管理),0,0,215.0465884,2419.629922,7
005SHE03,SHECO GRANULES 8 MG/G 1 G,PKG,224,1141231,46022,826,794,750,741,680,599,571,567,534,494,477,903,883,831,831,789,771,726,693,659,625,614,603,590,566,563,557,529,514,503,486,210,210,394,359,359,298,293,439,27.05555556,19.52865213,486,50,Type C (帳務/管理),1,1,45.43109132,451.2644247,7
005LID10,LIDOCAINE PATCH 5% 14 G,PIE,60,1141231,46022,76,76,76,62,62,62,62,62,61,61,61,61,61,61,61,61,61,61,61,61,61,61,61,61,56,56,54,45,45,44,43,60,60,60,60,60,60,14,21,1.444444444,4.12272063,43,19,Type C (帳務/管理),1,1,9.591020221,31.25768689,7
005AMB04,AMBROXOL TAB 30 MG (###),TAB,1000,1141231,46022,1967,1828,1732,1704,1642,1447,1447,1447,1309,1245,1203,1167,2124,2042,2042,2002,1925,1836,1700,1632,1554,1554,1413,1378,1216,1187,1147,1055,1055,1006,876,941,891,830,752,744,632,583,874,70.91666667,52.2293705,876,154,Type C (帳務/管理),1,1,121.5054314,1185.255431,7
005TOP03,TOPAMAX FC TAB 100 MG (***),TAB,360,1141231,46022,745,726,720,720,715,668,659,659,595,590,584,546,817,799,798,785,773,747,712,696,661,661,642,627,597,597,535,493,493,469,460,481,481,470,454,454,448,160,240,18.08333333,17.55379487,460,36,Type C (帳務/管理),1,1,40.8368203,312.0868203,7
005PIP04,PIPE & TAZO INJ 2.25 G (2 G/0.25 G),VIAL,360,1141231,46022,1796,1602,1211,1160,952,203,150,140,721,527,299,766,901,403,403,230,748,592,1148,942,530,527,736,553,953,923,743,353,341,204,752,1165,1132,1324,876,873,701,1952,2928,201.6111111,161.9370738,752,353,Type C (帳務/管理),0,0,376.7273819,3400.894049,7
005SAP01,SAPHNELO CONC. FOR SOLN FOR INF 150 MG/ML 2ML (&),VIAL,2,1141231,46022,1,1,1,1,1,1,1,1,1,1,1,1,1,1,0,0,0,0,0,0,0,0,0,0,0,0,0,0,0,0,0,1,1,1,1,1,1,1,1,0.055555556,0.232310684,0,1,Type B (突發爆量),0,0,0.540443234,1.373776567,7
005SIL17,SILIVERZINE CREAM 1% 500 G,BOT,10,1141231,46022,7,7,7,6,6,5,3,2,5,5,5,4,5,5,5,5,4,4,7,5,4,3,3,3,2,2,1,1,1,1,0,8,6,6,5,5,5,6,8,0.555555556,0.694650763,0,2,Type B (突發爆量),0,0,1.616022552,9.949355885,7
005NER06,NERLYNX TAB 40 MG,TAB,180,1141231,46022,319,319,259,259,259,259,259,259,259,259,259,259,259,259,259,259,216,216,176,176,176,176,176,176,176,176,176,176,176,176,176,357,177,177,177,177,177,113,170,8.972222222,32.31583965,176,0,Type C (帳務/管理),1,1,75.17896537,209.7622987,7
005SYM01,SYMBICORT TURBUHALER 160MCG/4.5MCG/DOSE 120 DOSES,BOT,2,1141231,46022,3,2,2,2,2,2,1,1,3,2,2,2,2,2,2,2,2,2,2,1,1,1,3,3,3,3,3,3,3,3,1,1,0,6,6,5,5,2,3,0.277777778,0.614636297,1,1,Type C (帳務/管理),0,0,1.429878394,5.596545061,7
005COM08,COMBIVENT UDV 2.5 ML (0.5 MG/2.5 MG),VIAL,60,1150102,46024,1486,1399,1272,2345,2272,2016,1989,1978,1913,1832,1736,1648,1587,1425,1413,1357,1268,1180,1096,1023,852,847,1863,1780,1592,1579,1493,1264,1264,1257,1176,1934,1916,1899,1827,1827,1789,737,1106,78.80555556,65.2177975,1916,17,Type C (帳務/管理),1,1,151.7214652,1333.804799,7
