列標籤,2025/12/1,2025/12/2,2025/12/3,2025/12/4,2025/12/5,2025/12/6,2025/12/7,2025/12/8,2025/12/9,2025/12/10,2025/12/11,2025/12/12,2025/12/13,2025/12/14,2025/12/15,2025/12/16,2025/12/17,2025/12/18,2025/12/19,2025/12/20,2025/12/21,2025/12/22,2025/12/23,2025/12/24,2025/12/25,2025/12/26,2025/12/27,2025/12/28,2025/12/29,2025/12/30,2025/12/31,2026/1/1,2026/1/2,2026/1/3,2026/1/4,2026/1/5,(空白),總計,用量占比(100%)
0051BD03,0,1,0,0,0,0,0,0,0,0,0,0,0,0,0,0,0,0,0,0,0,0,0,0,0,0,0,0,0,0,0,0,0,0,0,0,0,1,8.57188E-05
0051BD06,3,7,3,7,7,3,9,0,10,5,2,8,0,1,0,3,7,2,3,2,0,9,14,4,2,0,3,4,3,5,0,4,9,4,0,1,0,144,0.01234351
005ABI06,0,0,0,7,29,0,0,0,0,0,0,36,0,0,0,1,1,25,7,4,0,10,2,3,0,35,2,1,3,3,5,0,3,5,0,3,0,185,0.015857981
005ABI07,3,6,0,10,37,0,0,3,4,4,17,16,4,0,2,2,2,14,2,4,0,4,2,4,0,16,4,0,2,2,14,0,7,4,0,2,0,191,0.016372294
005ABI09,2,8,0,44,36,0,0,9,7,9,9,66,17,0,18,14,11,29,47,46,0,30,14,38,1,113,25,0,15,17,33,7,17,23,1,17,0,723,0.061974704
005ACA01,3,6,0,3,9,0,0,3,5,5,5,3,6,0,3,3,3,3,3,6,0,3,3,6,0,18,0,0,0,0,0,0,0,0,0,0,0,99,0.008486163
005ACA03,0,0,0,0,0,0,0,0,0,0,0,0,0,0,0,0,0,0,0,0,0,0,0,0,0,0,0,0,0,0,0,0,28,0,0,0,0,28,0.002400127
005ACE05,8,16,9,16,24,0,0,10,4,4,4,7,12,0,24,2,2,2,2,8,0,6,8,68,10,4,13,0,6,6,24,2,8,4,0,2,0,315,0.027001427
005ACE06,0,0,0,2,3,3,0,1,1,0,2,1,2,0,5,4,3,0,0,0,0,4,6,6,0,4,8,0,3,1,5,0,0,4,2,3,0,73,0.006257474
005ACE08,0,9,37,22,83,20,0,9,8,31,36,73,20,0,14,6,44,32,79,62,0,5,11,46,12,26,25,0,1,7,35,5,7,23,9,0,0,797,0.068317897
005ACL02,1,2,3,2,3,2,1,3,1,3,2,2,1,0,3,2,2,0,1,0,1,0,2,6,1,5,1,1,2,1,1,0,2,1,0,1,0,59,0.00505741
005ACT12,0,0,0,0,0,0,0,0,0,0,0,0,0,0,0,0,0,0,0,0,0,0,0,0,0,0,0,0,0,0,0,0,1,0,0,0,0,1,8.57188E-05
005ACT13,964,1262,426,925,1912,503,243,787,866,1020,1073,1035,1506,316,781,1175,830,836,839,1137,243,755,864,1472,480,915,1333,146,926,778,1388,419,874,1160,278,683,0,31150,2.670141136
005ACU02,0,0,0,0,0,0,0,0,0,0,0,0,1,0,0,0,0,1,0,0,2,0,2,2,2,0,2,0,0,0,0,0,1,0,0,0,0,13,0.001114345
005ACY02,6,7,0,14,36,28,38,37,49,59,23,35,33,0,9,17,5,13,15,4,0,1,21,26,0,14,30,0,11,7,30,4,1,2,0,1,0,576,0.049374038
005ACZ01,0,0,0,0,0,0,0,0,0,0,2,0,2,0,1,0,0,1,0,0,0,0,0,0,0,0,1,1,4,0,0,0,1,0,0,1,0,14,0.001200063
005ADD01,4,14,4,2,20,0,0,7,2,5,5,8,10,1,2,4,6,5,5,10,0,4,7,10,0,9,12,0,3,5,9,0,9,8,1,2,0,193,0.016543732
005ADE08,0,0,0,0,0,0,0,0,0,0,0,0,0,0,0,0,0,0,0,0,0,0,0,0,0,0,0,0,0,0,0,0,0,0,0,0,0,0,0
005ADI07,0,1,0,0,0,0,0,0,0,0,0,0,0,0,0,0,0,0,0,0,0,1,0,0,0,0,0,0,0,0,0,0,0,0,0,0,0,2,0.000171438
005AGR01,0,0,0,0,0,0,0,0,0,0,0,0,0,0,0,0,0,0,0,0,0,0,0,0,0,0,0,0,0,0,0,0,0,0,0,0,0,0,0
005AJO01,3,0,0,0,0,0,0,0,0,0,0,0,0,0,0,0,0,0,0,0,0,0,0,0,0,0,0,0,0,0,0,0,0,0,0,0,0,3,0.000257156
005AKU01,9,6,0,5,24,0,0,35,2,45,6,3,6,0,3,3,3,3,3,6,0,3,3,6,0,3,6,0,3,3,18,0,7,8,6,7,0,235,0.020143922
005AKY01,11,11,13,6,13,6,0,18,9,10,14,9,6,0,14,11,14,7,18,6,4,11,12,12,0,23,3,2,18,10,15,1,19,4,0,13,0,343,0.029401554
005ALB01,115,172,37,113,248,59,14,123,86,131,123,123,176,26,150,123,113,118,150,214,29,130,116,184,66,136,221,27,104,116,195,26,123,169,20,118,0,4194,0.359504717
005ALC02,11,38,16,39,46,0,0,10,20,14,30,17,26,4,25,42,30,6,12,22,8,29,22,47,22,15,40,13,46,11,31,26,15,37,4,23,0,797,0.068317897
005ALF01,1,28,0,0,0,0,1,1,0,1,1,1,2,0,2,1,3,3,6,4,0,3,3,10,0,8,6,0,4,26,10,24,2,6,1,5,0,163,0.013972167
005ALL09,121,39,42,63,109,51,5,58,30,78,57,90,81,58,80,66,72,109,84,30,40,48,88,47,12,105,69,22,44,33,70,30,17,90,43,73,0,2154,0.184638331
005ALO02,22,9,9,13,14,8,1,11,12,8,17,13,8,1,6,6,4,8,11,11,2,8,16,14,0,18,14,7,11,4,16,0,9,6,5,6,0,328,0.028115772
005ALU05,11,16,60,6,18,0,21,14,11,29,13,50,10,0,3,4,3,21,7,30,0,6,16,14,0,1,46,0,20,2,9,0,57,14,27,13,0,552,0.047316787
005ALV03,0,0,0,0,0,0,0,0,0,0,0,0,0,0,0,0,0,0,0,0,0,0,0,0,0,0,0,0,0,0,9,0,0,0,0,0,0,9,0.000771469
005ALV04,0,2,0,1,3,0,0,1,29,1,1,1,2,0,1,1,0,0,1,0,0,0,0,0,0,0,2,0,0,1,29,0,1,10,0,1,0,88,0.007543256
005ALV05,0,1,0,0,0,0,0,0,0,0,0,0,0,0,0,0,0,0,0,0,0,0,0,0,0,0,0,0,0,0,0,0,0,0,0,0,0,1,8.57188E-05
005ALY02,8,14,4,4,7,3,0,21,3,14,0,3,4,3,9,8,4,9,0,0,0,14,7,2,3,11,2,8,4,8,14,0,0,0,0,57,0,248,0.021258267
005AMA02,23,12,23,48,27,2,22,49,27,7,10,10,19,4,6,19,9,12,17,29,20,25,24,28,2,9,21,1,23,29,27,4,58,19,2,9,0,676,0.05794592
005AMA03,35,14,1,15,57,0,20,4,21,5,72,9,55,0,2,2,3,5,3,12,30,1,22,13,14,26,30,0,2,11,30,0,7,27,1,8,0,557,0.047745381
005AMB03,5,10,0,5,15,0,0,5,0,0,0,0,0,0,0,0,0,0,0,0,0,0,0,0,0,0,0,0,0,0,12,0,4,8,0,4,0,68,0.00582888
005AMB04,139,96,28,62,195,0,0,137,64,42,36,43,82,0,40,77,89,136,68,78,0,141,35,162,29,40,92,0,49,130,154,50,61,78,8,112,0,2553,0.218840139
005AMI15,0,0,0,2,6,0,0,1,2,2,2,2,5,0,3,11,3,3,4,11,0,1,1,1,0,1,1,0,1,1,3,0,3,3,0,2,0,75,0.006428911
005AMI16,0,0,0,0,0,0,0,0,0,0,0,0,0,0,0,0,0,0,0,0,0,0,0,0,0,0,0,0,0,0,0,0,0,0,0,0,0,0,0
005AMI23,0,0,0,0,0,0,1,2,1,3,2,2,4,0,2,2,1,1,0,2,0,1,0,2,0,2,4,0,2,1,2,0,0,1,0,0,0,38,0.003257315
005AMO06,32,83,18,86,160,63,0,45,27,11,6,67,113,61,54,54,84,41,180,22,14,74,57,47,75,90,203,42,2,55,44,72,35,118,4,16,0,2155,0.18472405
005AMT01,11,22,12,44,32,1,11,22,25,35,27,22,45,4,19,11,40,22,12,22,0,59,15,17,12,20,20,0,13,71,30,6,11,39,0,8,0,760,0.065146301
005ANA03,0,0,0,0,0,0,0,0,0,0,0,0,0,0,0,0,0,0,0,0,50,0,0,0,0,0,0,0,0,0,0,0,0,0,0,0,0,50,0.004285941
005ANA04,0,0,0,0,0,0,0,0,0,0,0,0,0,0,0,0,0,0,0,0,0,0,0,0,0,0,0,0,0,0,0,0,0,12,0,20,0,32,0.002743002
005AND01,0,0,4,0,0,0,0,0,0,0,0,0,0,0,0,0,0,0,0,0,0,0,0,0,0,3,6,0,3,0,0,0,0,0,0,0,0,16,0.001371501
005ANO02,10,8,6,10,5,6,1,14,4,7,16,10,1,1,7,13,7,8,9,5,0,14,6,13,0,15,6,0,13,13,13,4,15,17,3,21,0,301,0.025801364
005ANT04,208,478,0,213,242,108,78,125,622,156,233,263,456,92,132,235,203,191,449,690,35,250,133,373,194,111,218,98,719,189,391,28,137,359,8,183,0,8600,0.737181822
005ANT14,2,1,0,0,0,1,0,0,1,0,0,1,0,0,0,0,1,1,0,0,0,0,0,0,0,0,0,0,2,0,0,0,1,0,0,0,0,11,0.000942907
005ANX04,4,6,1,3,9,0,0,3,3,5,2,3,4,0,1,0,2,2,1,2,1,2,2,4,0,2,4,0,10,1,2,0,1,2,0,1,0,83,0.007114662
005API01,0,0,0,0,0,0,0,0,0,0,0,0,0,0,0,0,0,0,0,0,1,0,0,0,0,0,0,0,0,1,1,0,0,0,0,0,0,3,0.000257156
005APO02,508,1188,524,739,1414,500,313,592,1097,838,747,970,1246,395,613,674,912,798,834,1114,357,917,920,1274,692,936,1158,395,697,903,1073,649,649,1017,291,437,0,28381,2.432785733
005APR08,30,22,8,1,3,1,1,2,2,5,0,0,1,0,1,1,1,1,3,18,0,1,3,25,7,0,1,0,0,2,1,2,4,11,23,1,0,182,0.015600825
005ARA05,0,0,0,0,0,0,0,0,0,0,0,0,0,0,0,0,0,0,0,0,0,0,0,0,0,0,0,0,0,0,0,0,0,0,0,0,0,0,0
005ARI01,0,0,21,28,0,0,0,28,0,0,0,0,0,0,0,0,0,0,0,0,0,0,0,0,0,0,0,0,0,7,14,0,1,28,1,29,0,157,0.013457854
005ARI03,19,19,8,27,26,7,0,10,6,40,5,5,12,0,4,4,4,5,5,8,0,7,7,14,0,6,9,0,4,4,8,5,4,11,0,9,0,302,0.025887083
005ARI06,9,6,0,16,27,0,0,2,2,7,0,28,0,0,2,2,2,20,10,12,1,9,7,12,0,46,8,0,3,31,10,0,16,14,0,8,0,310,0.026572833
005ARI07,0,0,0,0,0,0,0,0,0,0,0,0,0,0,0,1,1,1,1,2,0,1,1,2,0,1,2,0,2,0,2,0,1,10,0,0,0,28,0.002400127
005ARO01,0,0,0,0,0,0,7,0,0,0,0,28,0,0,0,31,1,1,1,2,0,1,7,0,0,0,0,0,0,0,7,0,0,2,0,1,0,89,0.007628975
005ART05,2,2,1,2,4,1,0,5,1,4,4,2,4,0,4,6,2,1,2,4,1,0,4,4,1,4,4,1,2,4,7,5,4,1,2,5,0,100,0.008571882
005ART07,0,0,0,0,0,0,0,0,1,0,0,2,0,0,0,1,0,0,0,0,0,0,0,0,0,0,0,0,0,0,0,0,0,0,0,0,0,4,0.000342875
005ATI01,139,62,79,102,170,46,15,56,75,65,72,204,74,19,87,76,64,118,71,98,23,55,100,53,35,117,31,6,33,52,74,4,115,64,10,78,0,2542,0.217897232
005ATO03,11,8,22,0,12,12,28,3,20,6,9,8,73,0,5,41,13,5,5,21,40,7,7,43,37,10,23,2,26,7,18,1,14,32,4,15,0,588,0.050402664
005AUG07,0,2,1,0,0,1,1,0,0,3,1,0,2,0,0,0,0,2,0,0,0,0,0,0,0,0,0,0,0,0,0,0,0,1,0,0,0,14,0.001200063
005AVA04,1,2,1,0,0,0,0,1,0,0,0,3,2,1,0,0,0,0,0,0,0,1,1,1,0,0,1,0,1,1,2,1,2,1,0,0,0,23,0.001971533
005AVE01,29,5,10,38,16,13,3,17,47,6,40,28,32,10,35,32,30,30,48,22,1,26,31,43,20,12,2,0,11,14,49,1,40,47,1,13,0,802,0.068746491
005AVE02,5,13,0,3,15,0,0,4,3,1,3,5,10,0,5,5,4,2,4,8,0,3,2,5,2,5,10,3,2,4,5,2,0,6,0,7,0,146,0.012514947
005AZA05,0,0,0,0,0,0,0,0,0,0,0,0,0,0,0,0,0,0,0,0,0,0,0,1,0,9,14,1,10,6,21,0,2,0,0,5,0,69,0.005914598
005AZE02,0,1,0,0,0,0,0,0,0,0,0,0,0,0,0,0,0,0,0,0,0,0,0,0,0,0,0,0,0,0,0,0,0,0,0,2,0,3,0.000257156
005AZO04,0,0,0,0,0,0,0,0,0,0,0,0,0,0,0,0,0,0,0,0,0,0,0,0,0,0,0,0,0,0,0,0,0,0,1,1,0,2,0.000171438
005BAC08,0,0,0,1,2,0,1,2,2,0,1,1,0,0,0,1,2,0,0,0,1,1,1,0,1,1,0,0,0,1,2,1,0,2,0,0,0,24,0.002057252
005BAC10,5,1,0,0,11,0,4,3,2,4,3,2,4,0,4,4,6,8,6,13,5,10,8,6,0,4,9,0,1,2,2,0,3,3,2,6,0,141,0.012086353
005BAK01,60,109,102,32,135,37,31,64,90,85,87,101,153,11,107,141,140,64,92,164,33,44,166,94,40,65,118,5,69,94,114,16,82,82,4,18,0,2849,0.244212908
005BAR02,24,62,39,9,99,252,67,92,111,30,94,83,52,61,97,60,96,35,40,91,21,8,110,26,72,74,111,57,72,60,72,1,60,92,22,101,0,2453,0.210268257
005BAV01,0,0,0,0,7,0,0,0,0,0,0,0,4,0,0,0,0,0,0,0,0,3,0,0,0,4,0,0,0,0,0,0,0,0,0,0,0,18,0.001542939
005BEE02,7,24,1,27,34,12,0,21,19,25,8,10,42,2,9,8,15,10,18,21,22,21,16,16,3,68,27,0,20,16,16,0,5,10,2,11,0,566,0.04851685
005BEF01,46,52,7,39,114,4,0,48,49,83,38,41,101,0,39,42,42,42,41,81,83,181,119,66,0,58,62,25,29,116,172,89,23,34,1,21,0,1988,0.170409007
005BEN07,86,102,1,273,286,45,0,87,47,69,52,359,86,0,54,81,66,155,245,88,1,109,55,124,75,404,98,0,54,116,172,3,32,62,0,53,0,3540,0.303444611
005BEN11,0,0,0,0,1,1,0,0,1,1,1,1,0,0,0,0,0,0,2,2,0,0,1,1,1,0,0,0,0,0,0,0,0,0,0,0,0,13,0.001114345
005BEN13,4,2,2,8,4,2,1,5,5,3,8,3,1,0,4,1,0,4,1,2,0,1,3,3,1,7,1,0,4,2,0,3,4,1,1,3,0,94,0.008057569
005BER10,5,66,1,0,0,0,0,0,0,3,2,2,6,0,2,2,2,3,3,6,0,2,2,4,0,2,4,0,2,3,21,0,2,4,0,2,0,151,0.012943541
005BET20,20,16,8,14,21,21,21,12,5,11,26,11,37,0,43,17,2,1,11,45,0,3,3,9,21,10,35,2,4,8,48,7,7,12,1,14,0,526,0.045088098
005BET23,1,28,0,1,3,0,0,1,1,1,7,0,3,0,11,1,1,1,3,4,9,2,2,6,1,4,10,1,8,9,32,1,7,14,1,20,0,194,0.01662945
005BET26,0,0,1,0,1,0,0,1,4,0,1,3,0,0,1,1,0,3,2,0,0,3,0,2,0,3,1,1,3,2,2,2,3,0,1,1,0,42,0.00360019
005BIN04,5,0,0,14,14,0,0,0,0,0,0,28,0,0,0,0,0,14,14,4,0,4,0,0,0,28,0,0,0,0,0,0,0,0,0,0,0,125,0.010714852
005BIO09,33,87,36,24,72,0,0,24,24,90,18,23,264,42,15,15,15,33,14,30,0,16,20,94,0,18,36,0,23,21,42,0,18,36,0,18,0,1201,0.102948299
005BIO10,26,22,28,12,16,31,17,23,26,30,10,22,13,14,19,24,17,25,35,18,19,11,25,37,19,21,33,30,13,31,23,22,21,20,22,17,0,792,0.067889303
005BIO11,29,162,3,37,178,66,0,37,25,38,170,166,120,88,60,48,136,117,60,117,65,40,93,59,42,25,121,0,48,46,195,0,36,191,19,84,0,2721,0.2332409
005BIO12,2,4,8,2,9,0,0,59,2,2,2,2,8,0,4,4,4,40,4,8,0,4,4,40,0,6,12,0,6,6,12,0,16,8,0,60,0,338,0.02897296
005BIP02,18,24,6,122,83,7,0,10,10,8,8,186,20,0,8,8,6,69,114,24,0,54,6,14,0,207,10,0,5,26,12,0,4,12,1,7,0,1089,0.093347791
005BIS02,287,397,80,230,539,243,31,375,404,183,176,310,308,27,213,142,173,435,188,368,64,250,300,443,114,291,327,161,131,429,525,35,197,449,39,390,0,9254,0.793241929
005BIS04,9,22,0,32,41,0,0,10,6,6,9,54,20,2,15,19,12,11,23,11,0,10,45,4,7,47,0,0,0,0,0,0,1,2,0,3,0,421,0.036087622
005BIS07,32,66,12,36,60,17,28,31,29,63,41,26,21,24,18,53,30,34,38,53,43,37,28,44,28,36,37,29,26,14,30,30,53,35,19,40,0,1241,0.106377051
005BIS08,7,22,73,8,27,2,0,6,24,35,27,42,17,0,7,26,12,9,14,20,0,54,43,121,35,14,43,6,25,42,40,7,34,36,8,50,0,936,0.080232812
005BOB01,26,56,4,32,72,0,0,0,7,19,30,35,79,6,40,31,37,42,45,81,5,54,45,54,2,82,127,7,54,46,77,0,42,60,8,35,0,1340,0.114863214
005BOC01,5,8,1,9,14,5,1,11,7,1,8,9,8,0,8,6,3,3,6,13,1,4,5,5,6,9,5,0,11,4,8,5,8,7,5,10,0,219,0.018772421
005BOK01,212,280,126,211,349,75,43,232,254,220,252,191,377,15,134,247,264,203,165,358,55,156,179,284,102,130,278,25,163,269,285,93,140,302,35,223,0,6927,0.593774242
005BOT91,0,0,3,0,0,0,0,0,0,0,0,0,0,0,0,0,0,0,0,0,0,0,0,0,0,0,0,1,0,0,0,0,0,0,0,0,0,4,0.000342875
005BOW01,6,7,4,0,4,0,3,1,7,9,9,1,2,0,2,8,0,0,0,2,4,4,10,0,0,2,2,4,4,4,1,0,3,0,0,0,0,103,0.008829038
005BRI08,14,29,17,14,47,11,9,99,12,34,56,26,27,3,29,110,44,32,18,77,50,55,14,30,18,8,50,0,33,81,40,21,23,50,0,127,0,1308,0.112120212
005BRI14,1,0,1,0,0,2,0,1,0,1,2,1,2,1,0,1,0,0,1,1,0,0,0,2,0,1,1,0,1,1,1,0,0,0,0,1,0,23,0.001971533
005BRO02,249,678,311,375,725,291,255,304,184,503,253,387,620,265,404,524,389,309,533,609,169,499,357,547,476,264,426,126,221,313,481,235,511,562,205,240,0,13800,1.182919669
005BRO05,36,25,12,16,40,9,6,7,34,26,39,20,30,10,28,32,29,22,21,32,11,25,33,39,18,27,22,3,26,34,23,22,13,27,9,20,0,826,0.070803742
005BRO07,176,316,72,144,580,28,0,174,201,187,164,162,352,12,163,185,212,214,194,400,0,164,140,248,34,149,370,10,153,176,336,12,192,400,16,220,0,6556,0.561972561
005BUP02,17,34,1,26,114,0,0,29,18,58,46,93,40,0,33,12,39,46,22,38,4,18,11,29,0,67,18,0,9,16,18,0,8,18,1,12,0,895,0.076718341
005BUR02,64,98,0,18,112,0,18,54,46,32,18,22,50,4,28,29,18,20,20,48,16,32,20,34,0,6,16,18,47,40,90,0,52,96,4,12,0,1182,0.101319641
005BUT02,1,0,2,0,0,0,0,1,1,1,0,0,0,0,0,0,0,0,0,0,0,0,0,1,0,0,0,0,0,0,1,0,0,0,0,0,0,8,0.000685751
005CAK01,0,0,0,0,0,0,0,0,0,0,0,1,0,0,0,0,0,0,0,0,0,0,0,1,0,0,0,0,0,0,0,0,0,0,0,0,0,2,0.000171438
005CAR02,2,6,0,4,11,0,2,4,4,3,4,6,10,2,8,8,11,50,1,18,0,4,3,4,0,18,4,0,25,1,1,4,0,2,0,1,0,221,0.018943858
005CAR11,69,65,22,33,38,17,3,44,29,102,107,23,47,28,24,65,30,31,42,92,5,179,60,88,82,27,136,11,38,74,31,44,57,14,3,12,0,1772,0.151893743
005CAR20,51,101,2,111,124,40,39,57,20,41,89,38,83,0,27,70,35,60,62,112,21,81,35,49,24,60,33,0,18,45,84,33,53,35,2,12,0,1747,0.149750773
005CAR21,11,15,14,8,33,12,0,9,4,12,13,14,27,0,13,59,8,23,39,12,0,5,6,11,0,6,12,0,6,7,18,90,6,18,0,3,0,514,0.044059472
005CAS03,1,2,0,1,3,0,0,1,1,2,15,0,0,0,0,0,0,0,0,0,0,0,0,0,0,0,0,0,0,0,0,0,0,0,0,0,0,26,0.002228689
005CAT02,0,2,3,0,0,0,0,0,14,0,0,0,0,0,0,1,3,15,3,6,0,3,2,4,0,3,4,0,2,2,4,0,2,4,0,1,0,78,0.006686068
005CEF20,118,164,12,66,255,29,4,97,76,88,80,86,177,12,99,94,97,62,58,124,10,47,47,182,0,82,204,31,133,132,258,8,158,286,18,133,0,3527,0.302330266
005CEF21,21,34,5,20,59,5,0,16,13,10,19,25,42,0,22,15,13,13,14,35,0,8,12,20,0,16,32,0,7,9,6,0,9,16,0,11,0,527,0.045173816
005CEF25,51,103,8,62,193,4,5,50,55,58,84,53,101,11,50,38,44,56,40,87,12,38,42,82,5,13,48,6,29,36,108,0,25,64,1,20,0,1682,0.144179049
005CEF26,271,333,388,232,279,152,74,138,272,339,327,233,256,71,151,260,245,367,299,211,57,191,152,334,115,97,164,46,237,85,286,131,205,140,66,96,0,7300,0.625747361
005CEF27,16,14,10,20,52,0,0,20,16,10,16,10,8,0,14,20,14,24,20,44,0,18,16,14,12,26,52,0,26,24,44,6,8,38,0,28,0,640,0.054860043
005CEF29,8,14,7,12,44,2,0,12,14,15,17,14,30,0,18,14,6,17,26,48,0,22,21,36,0,15,30,4,18,22,27,4,19,42,2,13,0,593,0.050831258
005CEL06,26,66,43,18,51,12,52,11,1,7,7,59,14,0,13,18,19,29,66,193,4,9,25,57,41,70,52,0,16,43,94,2,5,22,6,17,0,1168,0.100119578
005CEL08,354,690,344,439,1039,291,211,315,561,644,612,722,718,267,326,636,394,420,691,668,162,506,576,744,368,537,597,181,484,506,668,404,534,666,231,278,0,17784,1.524423434
005CEP08,173,488,216,246,379,250,202,102,314,222,318,286,364,110,142,226,138,181,392,272,222,152,296,238,189,228,280,77,178,246,294,235,360,413,145,184,0,8758,0.750725395
005CER02,5,20,1,22,32,0,0,6,5,6,6,6,72,0,7,7,29,9,23,18,0,6,10,20,0,10,30,0,12,19,14,0,7,14,0,12,0,428,0.036687653
005CER06,12,57,0,30,66,0,0,13,14,15,12,9,15,0,9,15,15,18,9,24,3,14,13,16,0,11,23,0,13,13,26,3,7,24,0,9,0,508,0.043545159
005CER08,4,13,1,11,12,0,0,16,5,5,11,11,6,0,3,11,5,13,13,8,1,6,6,19,0,12,12,0,6,17,27,5,28,14,1,12,0,314,0.026915708
005CHE01,1,2,0,2,4,0,0,2,1,3,2,0,0,1,3,1,2,0,0,0,1,1,1,1,0,1,0,0,0,0,0,0,0,0,0,1,0,30,0.002571564
005CHY02,0,0,0,1,3,0,0,1,1,0,0,0,4,0,0,0,0,0,0,0,2,0,2,2,3,0,5,0,0,0,0,0,3,0,0,0,0,27,0.002314408
005CIB01,0,0,0,0,0,60,0,0,0,0,0,0,0,0,0,0,0,0,0,0,0,0,0,0,0,0,0,0,0,0,0,0,0,0,0,0,0,60,0.005143129
005CIL02,62,76,46,109,172,62,47,70,71,91,160,122,179,10,62,78,104,106,150,191,7,73,122,300,13,94,186,6,81,141,286,28,93,196,33,94,0,3721,0.318959716
005CIM02,0,0,0,0,0,0,0,0,0,0,0,0,0,0,0,0,0,0,0,0,0,0,0,0,0,0,0,0,0,0,0,0,0,0,0,0,0,0,0
005CIN05,18,76,95,106,64,60,0,30,100,0,42,63,16,8,16,10,48,6,42,4,0,28,114,22,16,72,16,0,28,70,116,28,66,16,0,48,0,1444,0.123777971
005CIP03,12,20,10,14,42,0,0,18,22,20,26,24,48,0,18,16,12,10,10,20,0,14,10,28,4,18,40,0,16,24,36,4,18,40,6,27,0,627,0.053745698
005CIR01,28,51,4,58,160,0,1,53,49,28,34,174,63,4,16,16,38,62,44,37,2,71,17,31,1,88,42,3,17,43,54,0,26,74,0,18,0,1407,0.120606375
005CLI05,0,36,112,30,58,7,15,32,12,4,4,28,0,0,0,30,0,0,0,28,0,0,13,8,36,12,20,15,25,35,40,70,14,54,28,9,0,775,0.066432083
005CLO07,28,26,0,169,115,0,0,15,15,47,13,222,32,0,14,14,14,61,153,27,0,46,15,29,0,255,22,0,12,14,56,0,13,26,0,14,0,1467,0.125749504
005CLO14,18,18,9,77,140,8,9,42,32,66,35,192,118,0,45,54,53,142,67,224,5,92,88,61,21,180,66,17,30,54,112,1,35,129,1,49,0,2290,0.19629609
005COD01,56,56,0,0,21,21,0,11,14,0,12,20,112,0,42,30,0,30,0,0,0,0,0,77,0,0,0,0,39,16,20,0,0,14,1,0,0,592,0.050745539
005COD03,39,21,64,19,55,1,21,47,30,6,9,8,20,0,16,22,5,14,2,24,31,1,8,35,23,31,4,0,3,4,5,2,33,47,3,39,0,692,0.059317421
005COL03,43,37,7,43,52,14,0,24,26,24,21,35,144,8,39,38,27,28,85,78,11,70,23,66,13,57,61,2,29,93,51,4,58,58,9,25,0,1403,0.1202635
005COL12,0,0,0,0,0,0,0,0,0,0,0,0,0,0,0,0,0,0,0,0,0,0,0,0,0,0,0,0,1,0,0,0,0,0,0,0,0,1,8.57188E-05
005COM07,3,9,0,5,14,0,0,5,5,5,5,3,6,0,2,3,3,3,18,0,0,0,0,0,0,4,8,0,6,4,28,0,0,0,0,0,0,139,0.011914916
005COM08,87,127,7,73,256,27,11,65,81,96,88,61,162,12,56,89,88,84,73,171,5,64,83,188,13,86,229,0,7,81,162,18,17,132,0,38,0,2837,0.243184283
005COM16,0,0,0,0,0,0,0,0,0,0,0,0,0,0,0,0,0,2,2,4,0,0,0,0,0,0,0,0,0,0,0,0,0,0,0,0,0,8,0.000685751
005CON01,60,136,17,82,168,16,43,49,65,73,105,104,213,6,65,105,123,70,106,146,66,70,69,131,39,76,102,5,103,78,139,86,143,134,12,112,0,3117,0.267185551
005CON02,0,0,0,0,0,0,0,0,0,0,0,0,0,0,16,0,0,0,0,0,0,0,0,0,0,0,0,0,0,0,0,0,0,0,0,0,0,16,0.001371501
005CON03,321,431,97,313,750,107,56,436,362,293,480,471,422,68,289,315,337,368,396,501,89,262,247,470,182,350,461,22,308,297,489,129,320,567,64,300,0,11370,0.974622944
005CON07,20,98,28,31,87,40,0,15,18,48,26,102,57,6,56,76,87,93,45,26,2,16,91,28,0,34,38,2,69,89,66,0,22,104,2,30,0,1552,0.133035603
005CON08,62,38,7,28,3,0,2,3,3,4,4,5,45,1,9,19,12,13,62,42,2,12,18,62,2,9,18,2,11,5,37,2,8,22,3,14,0,589,0.050488383
005CON09,175,222,62,120,367,69,4,148,120,142,114,126,281,41,135,159,136,153,136,259,17,145,299,263,60,151,325,47,126,125,264,38,100,259,13,90,0,5291,0.453538258
005CON10,148,205,68,205,326,40,11,130,209,173,190,225,233,38,125,170,186,232,144,208,48,156,159,266,56,99,237,30,140,153,223,32,149,207,35,110,0,5366,0.45996717
005COP02,3,11,1,10,16,0,0,2,23,1,1,1,19,17,4,26,1,0,3,4,1,19,3,8,1,2,4,0,0,0,3,3,2,23,1,1,0,214,0.018343827
005COR01,46,85,6,41,150,30,30,53,58,130,106,57,158,34,64,135,141,116,103,140,12,57,54,120,12,77,150,2,55,50,119,31,128,103,44,48,0,2745,0.235298151
005COR10,26,30,2,16,50,5,0,17,39,34,17,20,116,0,17,18,18,44,26,31,0,22,8,42,5,11,29,0,14,22,14,1,7,28,1,12,0,742,0.063603362
005COR11,86,24,28,11,34,40,0,11,7,14,22,21,26,2,11,11,34,14,13,35,0,11,24,23,1,19,25,2,14,44,39,0,12,35,8,17,0,718,0.06154611
005COS03,0,0,0,0,0,2,0,0,0,0,0,1,0,2,0,0,0,0,0,0,1,4,0,0,0,0,0,0,0,0,0,0,1,3,0,0,0,14,0.001200063
005COS05,1,0,0,0,0,0,0,1,0,0,0,4,0,0,0,0,0,0,0,0,0,0,0,0,1,0,0,0,1,1,0,0,0,0,0,0,0,9,0.000771469
005COV02,111,69,51,87,115,89,0,85,100,68,84,129,61,0,39,23,30,45,89,58,33,36,109,152,0,111,110,21,48,26,98,0,81,98,0,46,0,2302,0.197324716
005COX01,20,20,0,10,15,3,28,5,30,19,42,9,32,1,6,35,10,25,16,22,0,18,19,18,5,7,22,1,7,10,20,0,23,26,2,7,0,533,0.045688129
005CRA03,28,46,66,69,102,20,51,17,19,54,43,52,35,8,42,46,67,66,101,61,55,19,35,60,16,40,28,21,72,63,92,11,33,24,18,27,0,1607,0.137750138
005CRE02,58,89,36,143,100,71,40,73,57,67,41,76,76,1,32,34,99,46,71,81,17,55,64,115,46,106,102,6,65,65,190,40,58,93,10,58,0,2381,0.204096502
005CRE03,27,52,8,8,37,18,1,22,8,10,13,20,46,0,14,13,28,25,57,38,3,12,28,9,0,22,28,3,20,57,70,4,31,18,0,15,0,765,0.065574895
005CRE05,14,0,0,0,0,0,0,0,2,4,4,4,8,0,4,4,2,0,2,30,0,0,0,0,0,0,0,0,2,2,4,0,2,4,0,2,0,94,0.008057569
005CRE07,2,6,0,1,3,2,0,5,13,10,4,11,25,0,1,2,2,17,5,19,0,3,5,4,0,1,3,0,0,3,9,1,4,27,10,7,0,205,0.017572357
005CUB01,33,51,0,23,110,3,0,35,20,28,21,21,40,4,24,20,27,34,26,55,1,25,43,66,1,37,84,0,20,27,58,9,25,63,0,28,0,1062,0.091033383
005CUR01,195,262,252,274,245,230,73,127,177,243,165,184,173,71,173,177,279,217,353,280,139,164,169,388,295,191,220,65,141,231,379,291,236,274,53,120,0,7506,0.643405437
005CUR02,52,125,15,38,286,26,10,51,90,94,107,100,214,5,73,89,97,66,87,175,15,33,57,109,15,30,111,8,23,66,177,0,17,82,6,51,0,2600,0.222868923
005CYM01,11,15,6,10,38,0,0,13,15,13,14,15,35,0,16,20,10,12,12,21,0,10,6,8,1,3,11,0,4,5,7,2,8,10,0,10,0,361,0.030944493
005CYP01,288,48,25,7,22,0,2,69,19,87,18,56,10,0,5,3,3,2,2,4,0,44,6,36,14,1,6,21,8,2,18,28,3,2,3,9,0,871,0.074661089
005CYT06,0,0,0,0,0,0,0,0,0,0,0,0,0,1,0,1,1,0,1,0,0,0,0,0,0,0,0,0,0,0,0,0,0,3,0,0,0,7,0.000600032
005DAI03,0,0,0,0,0,0,0,0,0,0,1,0,0,0,0,0,0,1,0,0,0,0,0,0,0,0,0,0,0,0,0,0,0,0,0,0,0,2,0.000171438
005DAL02,87,94,0,139,264,16,0,81,67,90,56,262,104,0,77,81,77,131,122,96,4,114,77,130,0,208,81,2,63,45,83,0,51,76,1,53,0,2832,0.242755689
005DAR01,0,0,0,0,2,2,0,0,0,0,0,2,0,0,0,0,0,0,0,0,0,2,0,0,0,2,0,0,0,0,0,0,2,0,0,0,0,12,0.001028626
005DAY01,7,14,0,14,28,5,0,6,6,13,20,23,10,0,7,5,10,10,4,8,0,6,7,14,28,14,23,0,36,4,8,0,10,6,0,7,0,353,0.030258742
005DEC04,3,20,0,7,3,0,0,0,1,1,1,1,0,0,5,0,0,0,6,6,0,0,0,0,0,1,2,0,1,1,28,0,0,1,0,0,0,88,0.007543256
005DEH01,2,1,3,1,0,0,1,0,1,0,0,2,0,5,3,0,3,0,0,0,1,0,0,1,0,0,2,1,1,2,2,0,0,1,0,0,0,33,0.002828721
005DEP01,8,20,0,55,53,0,0,6,6,11,4,75,10,0,5,5,5,25,47,34,0,16,9,16,6,84,26,0,10,15,50,0,26,78,0,29,0,734,0.062917611
005DEP06,40,22,2,141,110,14,4,15,26,19,20,158,70,0,16,20,69,105,111,64,9,54,44,58,0,205,50,0,25,28,66,0,34,44,0,26,0,1669,0.143064705
005DES02,1,2,5,4,16,0,0,3,3,5,3,3,6,0,3,3,3,3,3,6,0,3,3,6,0,21,0,0,0,0,0,0,0,0,0,0,0,105,0.009000476
005DET03,1,2,0,0,0,0,0,0,0,0,0,0,0,0,1,1,1,8,0,0,0,0,9,2,1,3,32,0,1,1,2,7,1,2,2,1,0,78,0.006686068
005DEX11,39,32,22,22,74,46,34,31,24,44,36,28,53,99,22,18,24,55,17,29,42,50,54,98,29,58,89,35,77,63,55,34,45,78,35,52,0,1643,0.140836016
005DEX25,0,0,0,0,0,0,0,0,0,0,0,0,0,0,0,0,0,0,0,0,0,0,0,0,0,0,0,0,0,0,5,0,0,0,0,0,0,5,0.000428594
005DEX26,2,10,0,11,17,2,16,5,7,29,47,13,35,0,23,3,4,4,9,96,0,4,3,10,1,11,35,0,4,33,18,28,2,27,0,25,0,534,0.045773848
005DIA06,0,0,0,0,0,0,0,0,0,0,0,0,0,0,0,0,0,0,0,0,0,0,0,0,0,0,0,0,0,0,0,0,0,0,0,0,0,0,0
005DIF04,8,2,7,2,4,1,0,8,3,0,3,4,1,2,7,2,2,2,4,0,1,7,1,1,1,7,1,3,0,1,6,0,3,0,2,6,0,102,0.008743319
005DIF05,2,2,3,2,6,0,0,4,4,5,4,4,8,0,4,4,4,6,4,8,0,4,4,8,0,4,4,0,5,2,6,0,6,16,0,6,0,139,0.011914916
005DIL04,7,14,1,9,27,0,0,5,8,9,5,7,13,1,10,11,10,6,9,14,4,10,27,27,2,14,35,0,11,13,64,3,26,55,1,41,0,499,0.042773689
005DIL05,14,81,5,13,79,0,6,34,35,21,25,23,57,1,23,35,33,17,60,54,1,13,28,50,0,6,44,7,15,19,25,4,10,32,2,34,0,906,0.077661248
005DIL08,0,6,0,3,16,0,0,3,22,0,0,7,0,0,0,0,0,6,0,0,0,1,0,4,0,7,0,0,0,0,0,0,0,0,0,0,0,75,0.006428911
005DIM06,87,46,31,108,78,60,29,57,43,48,20,80,91,25,26,72,92,72,112,115,13,36,80,112,28,29,65,36,125,95,32,29,62,56,23,132,0,2245,0.192438743
005DIO02,65,104,32,46,126,39,48,50,87,70,69,67,73,11,42,113,54,109,97,107,13,93,75,100,50,66,136,14,66,107,142,24,59,103,16,96,0,2569,0.22021164
005DIP06,4,16,4,10,47,0,0,30,26,12,43,11,96,0,29,55,11,13,36,16,2,6,7,13,2,21,18,4,11,9,29,54,39,52,0,34,0,760,0.065146301
005DIP09,0,1,2,0,0,0,0,0,0,0,0,0,0,0,0,1,2,0,0,0,0,0,1,2,0,0,0,0,0,3,1,0,1,0,0,0,0,14,0.001200063
005DIP11,116,91,76,102,177,64,15,92,84,95,103,107,84,13,101,110,98,102,120,100,31,127,108,129,26,154,104,27,152,72,126,14,108,71,36,113,0,3248,0.278414716
005DIQ01,0,0,0,0,0,0,0,0,1,0,4,0,0,0,0,0,1,0,0,0,0,0,0,0,0,0,0,0,0,0,0,0,0,0,0,0,0,6,0.000514313
005DOM04,0,0,0,0,0,0,0,0,0,0,0,0,0,0,0,0,0,0,0,0,0,0,0,0,0,0,1,1,0,0,1,0,0,0,0,0,0,3,0.000257156
005DOR04,73,112,9,250,311,18,21,58,74,86,95,353,108,1,105,60,60,147,206,96,47,110,62,113,41,340,98,1,94,67,135,0,57,92,1,68,0,3569,0.305930456
005DOR05,38,102,59,44,185,84,8,23,60,126,93,177,150,6,63,68,91,82,128,133,16,23,60,126,73,88,206,58,72,71,103,6,106,131,36,39,0,2934,0.251499008
005DOS01,0,1,0,0,0,2,0,0,0,0,0,0,0,0,0,0,0,2,0,0,0,0,0,0,2,0,0,0,0,0,3,1,0,2,0,1,0,14,0.001200063
005DOV02,0,0,0,0,0,0,0,2,1,1,1,1,2,0,3,0,0,0,0,0,0,0,0,0,0,0,0,0,0,0,0,0,0,0,0,0,0,11,0.000942907
005DOX02,73,173,69,112,242,45,11,121,81,101,104,109,215,9,97,162,99,94,120,196,38,140,93,144,12,103,226,3,112,121,228,74,134,228,20,97,0,4006,0.343389579
005DOX03,27,71,28,42,65,12,29,60,34,32,39,101,118,35,41,61,26,37,62,102,32,18,60,57,73,23,66,9,42,61,93,18,121,104,1,27,0,1827,0.156608278
005DOX04,87,141,96,75,221,23,16,61,84,121,99,93,160,25,99,103,97,76,52,97,7,48,46,183,32,70,247,13,145,55,118,14,66,79,0,76,0,3025,0.25929942
005DUA03,0,0,0,0,0,0,0,0,0,0,0,0,0,0,0,0,0,0,0,0,0,0,0,0,0,0,0,0,0,0,0,0,0,0,0,1,0,1,8.57188E-05
005DUF01,0,0,0,0,0,0,0,0,0,0,0,0,1,0,0,0,0,0,0,0,0,0,0,0,0,0,0,0,0,0,0,0,0,0,0,0,0,1,8.57188E-05
005DUL01,68,123,6,163,294,40,3,81,80,81,79,278,104,2,83,63,65,140,208,138,1,93,98,69,0,287,68,0,60,49,76,8,42,88,1,55,0,3094,0.265214018
005DUP06,0,0,0,0,0,1,0,5,0,0,0,1,1,0,0,0,0,0,0,6,0,0,1,0,0,1,0,0,2,12,1,0,2,0,0,0,0,33,0.002828721
005DUR13,5,10,0,5,32,0,0,6,6,8,5,19,10,0,5,5,5,17,9,8,0,34,4,12,0,23,6,0,3,9,6,0,10,8,0,13,0,283,0.024258425
005DUR15,3,12,1,31,19,16,0,1,20,2,2,11,8,0,4,4,4,12,6,16,0,8,33,8,2,39,16,0,6,6,20,0,15,6,0,4,0,335,0.028715804
005DUX01,29,42,0,56,96,14,2,23,10,36,12,143,16,0,18,20,6,54,56,54,32,18,6,10,0,77,18,1,11,13,75,2,68,100,0,77,0,1195,0.102433986
005DYN03,31,15,12,42,105,15,13,2,13,30,37,27,58,12,29,46,26,38,46,37,9,3,41,85,18,27,79,12,17,51,69,13,0,30,10,36,0,1134,0.097205138
005ECO05,0,0,0,0,6,0,0,16,2,1,2,2,4,0,2,2,2,0,0,0,0,0,0,0,0,0,0,0,0,0,28,0,0,0,0,0,0,67,0.005743161
005EDA01,9,18,0,16,18,4,0,16,21,18,29,11,22,3,45,11,15,11,19,29,5,12,25,14,10,12,14,1,9,10,14,0,17,20,0,2,0,480,0.041145032
005EFE02,10,14,2,32,82,0,0,51,10,7,39,57,16,0,26,6,6,36,18,11,0,12,5,26,64,46,2,0,2,4,8,0,9,14,0,4,0,619,0.053059947
005EFU02,1,1,0,0,0,1,0,0,0,0,1,0,0,0,0,0,0,0,0,0,0,0,0,0,0,0,0,0,0,0,0,0,0,1,0,1,0,6,0.000514313
005ELI02,73,46,14,81,53,4,4,19,66,26,94,39,110,18,19,40,60,48,18,60,9,39,18,79,67,91,40,0,46,18,70,32,6,42,0,6,0,1455,0.124720878
005ELI04,44,68,29,63,127,50,0,30,45,73,35,99,90,29,27,76,74,88,95,48,4,33,22,92,35,20,98,1,33,83,56,13,63,150,14,27,0,1934,0.165780191
005ELT03,275,213,67,125,321,188,29,80,93,300,107,141,329,83,119,220,150,209,78,125,3,52,128,369,27,208,179,34,70,125,322,46,133,258,11,135,0,5352,0.458767106
005EME01,8,10,3,17,13,7,0,2,17,2,4,6,8,1,2,7,15,1,3,5,4,4,9,10,4,15,5,1,10,9,7,1,9,8,0,1,0,228,0.01954389
005EMG01,0,0,0,0,1,0,0,0,0,0,0,0,0,0,0,0,2,1,0,0,0,0,0,0,0,0,0,0,0,0,0,0,0,0,0,0,0,4,0.000342875
005EMP01,0,0,0,0,0,0,0,0,0,2,0,0,0,0,0,0,0,0,2,0,0,0,0,0,0,0,0,0,2,0,0,0,0,0,0,0,0,6,0.000514313
005END03,0,1,0,1,1,0,0,0,2,0,7,0,1,2,1,3,1,3,0,2,0,0,4,1,0,3,0,0,30,2,6,0,4,6,0,2,0,83,0.007114662
005ENE01,0,0,0,0,0,0,0,0,0,0,0,0,0,0,0,0,0,0,0,0,0,0,0,0,0,0,0,0,0,0,0,0,0,0,0,0,0,0,0
005ENF01,1,3,3,0,2,2,2,4,1,2,6,4,1,0,3,2,5,2,2,3,0,1,5,7,3,4,1,5,1,1,3,1,2,2,0,2,0,86,0.007371818
005ENG03,0,5,2,1,0,2,0,1,1,0,0,0,2,0,1,3,1,3,2,2,1,1,1,1,2,1,0,0,3,1,1,4,3,2,0,1,0,48,0.004114503
005ENO01,0,0,1,6,10,20,0,0,0,0,0,3,0,5,8,22,5,4,0,6,0,2,0,6,4,0,0,0,0,2,0,0,18,0,0,0,0,122,0.010457696
005ENS01,0,0,0,0,0,0,0,0,0,0,0,0,0,0,0,0,0,0,0,0,0,0,0,0,0,0,1,0,0,0,0,0,0,0,0,0,0,1,8.57188E-05
005ENT01,8,44,3,9,39,0,0,4,11,19,6,11,20,5,13,72,19,23,78,16,2,50,8,20,6,22,24,4,24,12,28,14,5,20,0,8,0,647,0.055460074
005ENT03,0,0,0,0,0,0,0,0,0,1,0,0,0,0,1,0,0,0,0,0,0,0,0,0,0,0,0,0,0,0,0,0,0,0,0,0,0,2,0.000171438
005ENT04,12,26,3,14,67,2,6,38,66,13,33,14,79,5,20,21,44,18,27,47,24,43,12,39,3,15,47,1,30,9,36,3,20,38,7,34,0,916,0.078518436
005ENZ02,0,0,0,0,0,0,0,0,0,0,0,0,0,0,0,0,0,112,0,8,0,0,0,0,0,0,0,4,4,8,28,0,0,0,0,0,0,164,0.014057886
005EPC01,0,0,0,0,0,0,0,0,0,0,0,0,0,0,0,0,0,0,0,0,0,0,0,0,0,0,0,0,0,1,2,0,0,0,0,0,0,3,0.000257156
005EPI04,11,21,0,11,88,6,9,34,11,44,5,44,23,0,7,8,25,38,28,24,0,13,12,18,0,59,26,0,49,7,27,0,14,23,3,23,0,711,0.060946079
005EPI06,11,21,1,26,70,24,0,13,11,30,10,39,15,0,9,9,10,33,20,17,0,32,9,13,0,24,17,0,10,28,13,0,10,20,0,10,0,555,0.047573943
005EPR05,4,7,0,10,15,14,0,1,2,2,2,21,2,0,4,1,2,6,25,2,0,5,2,5,9,23,3,0,1,3,4,0,6,14,14,8,0,217,0.018600983
005EQU02,2,6,0,3,9,0,0,3,3,3,3,1,2,0,0,1,2,1,1,2,0,2,2,4,7,2,6,0,3,16,12,0,1,2,0,1,0,100,0.008571882
005ERA02,0,0,10,0,0,0,0,0,0,0,0,0,0,0,10,0,0,0,0,0,0,10,0,0,0,0,0,0,0,0,0,10,0,0,0,0,0,40,0.003428753
005ERG05,2,48,0,0,0,0,0,28,0,0,0,9,0,0,5,0,3,19,15,0,0,0,1,0,0,0,8,0,0,3,28,21,4,21,0,15,0,230,0.019715328
005ERL02,0,0,56,0,0,0,0,0,0,0,0,0,0,0,0,0,0,0,0,0,0,0,0,0,56,0,0,0,0,0,0,0,0,120,0,0,0,232,0.019886765
005ERY07,1,3,1,1,0,0,0,1,1,1,2,0,1,0,0,0,0,2,0,0,3,1,5,0,0,2,0,0,1,3,0,1,0,1,0,0,0,31,0.002657283
005ESO02,6,12,28,4,6,0,1,6,5,17,19,5,14,0,4,4,4,6,12,20,1,16,4,41,7,4,8,10,5,26,10,8,17,26,2,17,0,375,0.032144556
005EST04,1,2,0,1,3,0,0,1,1,1,1,0,0,0,0,0,0,0,0,0,0,0,0,0,0,0,0,0,0,0,0,0,0,2,0,0,0,13,0.001114345
005ETO04,31,0,2,10,7,3,0,9,3,4,5,17,14,1,2,12,10,3,14,8,1,18,5,18,30,3,8,8,1,5,13,14,3,3,1,10,0,296,0.02537277
005ETU02,21,35,0,62,73,0,0,23,34,39,20,71,41,0,52,24,32,27,79,36,0,36,17,39,0,66,30,0,16,40,40,0,10,18,0,10,0,991,0.084947347
005EUC01,9,18,12,9,42,0,70,110,70,31,124,50,16,1,9,72,14,39,138,56,0,7,4,99,8,15,42,12,5,12,24,45,7,38,5,18,0,1231,0.105519863
005EUR01,233,250,57,293,481,35,29,122,152,152,161,491,179,6,99,96,110,263,286,186,26,240,134,220,46,466,171,18,119,139,171,44,116,211,41,134,0,5977,0.512341367
005EVE01,4,0,0,2,0,0,0,0,0,2,0,4,0,0,0,0,0,0,0,0,0,2,0,2,0,0,0,0,0,0,0,0,2,0,0,2,0,20,0.001714376
005EVI02,0,0,0,0,0,0,0,0,0,0,0,0,0,0,0,0,0,0,0,0,0,0,0,0,0,0,2,0,1,1,4,0,2,4,0,2,0,16,0.001371501
005EXE02,0,0,0,0,0,0,0,0,0,0,0,1,28,0,0,12,3,2,2,4,0,2,0,0,0,2,4,0,2,2,8,0,4,12,0,6,0,94,0.008057569
005EXE04,0,0,0,0,14,0,0,0,0,0,0,14,0,0,0,0,0,12,0,0,0,2,2,12,16,16,0,2,4,4,8,28,2,4,1,4,0,145,0.012429228
005EXE06,2,4,0,1,3,0,0,1,2,2,1,1,3,0,2,2,2,2,2,7,0,2,6,2,0,1,2,0,1,1,2,0,2,2,1,2,0,61,0.005228848
005EXE07,2,4,2,5,5,4,0,9,6,7,2,3,1,5,7,2,7,1,7,2,6,4,16,4,5,7,6,0,7,1,1,1,2,1,0,4,0,146,0.012514947
005EXE08,0,0,0,0,2,0,0,2,0,0,1,1,0,0,0,0,0,1,0,0,0,0,1,0,0,0,0,0,1,0,0,0,0,1,0,0,0,10,0.000857188
005EXF01,69,138,52,75,190,63,18,69,91,128,97,162,216,6,52,99,154,109,81,201,7,98,92,185,37,137,182,4,123,84,265,30,130,194,31,200,0,3869,0.331646101
005EXF02,24,95,1,14,39,14,0,25,22,14,46,20,32,2,13,20,13,17,17,37,1,37,17,16,2,15,25,6,22,64,31,11,34,22,3,14,0,785,0.067289271
005EXM01,88,2,1,26,35,0,2,6,6,6,68,46,58,0,56,28,21,49,15,12,0,26,4,35,23,10,62,0,4,21,10,0,11,25,0,13,0,769,0.06591777
005EXN02,0,0,21,8,0,3,1,2,4,3,3,11,6,1,1,29,8,1,1,4,1,4,28,5,0,4,6,0,14,2,9,0,1,0,0,1,0,182,0.015600825
005EXP01,3,6,0,20,33,0,0,4,2,7,4,41,5,0,5,5,6,22,17,8,0,10,16,9,0,41,4,0,2,1,9,0,5,12,0,4,0,301,0.025801364
005EXT02,2,7,4,0,4,0,3,10,5,4,4,2,2,5,4,3,1,4,4,2,2,4,1,8,2,6,4,4,3,0,4,1,4,2,2,2,0,119,0.010200539
005EYB01,0,0,0,0,0,0,0,0,0,0,0,0,0,0,0,0,0,0,1,0,0,0,0,0,0,0,0,0,0,0,0,0,0,0,0,0,0,1,8.57188E-05
005EZE01,19,23,1,16,34,5,12,19,6,24,37,30,44,0,10,26,22,25,25,48,0,4,28,29,0,20,24,1,33,59,36,26,27,40,0,35,0,788,0.067546427
005EZO01,1,2,7,13,0,0,0,0,0,0,0,14,0,0,0,0,0,0,12,0,0,3,1,0,0,14,0,0,1,1,2,0,1,9,0,4,0,85,0.007286099
005EZO02,8,10,0,5,15,24,0,3,5,24,6,6,12,0,6,4,4,10,5,7,0,4,17,6,0,4,6,0,4,7,14,0,8,14,0,9,0,247,0.021172548
005FAB01,0,0,0,0,0,0,0,0,2,0,0,3,0,0,0,0,0,0,0,0,0,0,0,0,0,3,0,0,0,0,0,0,0,0,0,0,0,8,0.000685751
005FAM01,0,0,0,0,0,0,0,0,0,0,0,0,0,0,0,0,0,0,0,0,0,0,18,0,0,0,0,0,0,0,0,0,6,12,0,6,0,42,0.00360019
005FAS02,0,0,0,0,0,0,0,0,0,0,0,0,0,0,0,0,0,0,0,0,0,0,0,0,0,0,0,0,0,0,0,0,0,0,0,1,0,1,8.57188E-05
005FAS03,0,2,0,0,2,3,1,0,2,0,2,4,0,0,0,1,0,2,3,2,0,0,0,2,0,0,0,0,2,2,0,0,3,0,0,2,0,35,0.003000159
005FAS04,0,0,0,0,0,0,0,0,0,1,0,0,0,0,0,0,0,0,0,0,0,0,0,0,0,0,0,0,0,0,0,0,0,0,0,0,0,1,8.57188E-05
005FEB01,1,2,2,1,0,0,0,0,1,1,0,0,1,0,0,1,0,0,0,2,0,0,1,0,0,1,2,0,0,1,0,0,1,2,0,0,0,20,0.001714376
005FEB02,39,59,1,69,85,16,11,53,45,47,54,93,70,1,39,66,38,83,48,177,18,55,77,58,13,53,57,13,52,86,71,11,55,58,21,40,0,1832,0.157036872
005FEB03,6,0,0,2,4,0,0,3,3,2,3,9,5,2,5,5,7,1,2,4,0,4,6,9,3,4,8,0,5,11,9,0,8,6,1,5,0,142,0.012172072
005FEM01,3,132,77,92,89,50,22,31,30,3,47,3,44,28,15,51,40,32,76,68,12,6,132,8,28,10,171,23,29,57,69,23,4,33,50,22,0,1610,0.138007295
005FEN03,26,28,0,12,56,12,3,52,13,29,39,13,39,1,17,24,12,15,29,43,1,14,14,28,1,49,25,0,21,39,58,0,11,25,0,17,0,766,0.065660613
005FEN06,18,11,0,0,0,14,0,3,11,0,19,12,18,6,0,7,0,0,9,13,0,4,12,0,5,9,0,0,0,0,0,14,0,15,0,0,0,200,0.017143763
005FEN07,0,6,0,4,0,0,0,0,0,5,25,5,10,6,0,0,0,5,0,4,0,5,0,0,6,0,0,0,0,0,2,4,3,14,0,0,0,104,0.008914757
005FES02,0,0,0,0,0,0,0,0,0,0,0,0,0,0,0,0,0,0,0,0,0,0,0,0,0,0,0,0,0,0,0,0,0,0,0,0,0,0,0
005FEX02,64,344,77,118,136,52,23,80,150,178,135,141,85,8,60,101,121,170,154,178,13,69,71,174,34,133,188,79,169,170,166,18,94,128,20,114,0,4015,0.344161049
005FIL01,4,7,4,4,14,1,9,4,4,7,2,5,2,0,3,2,3,6,7,1,0,11,10,5,0,3,4,3,8,4,8,3,16,5,0,9,0,178,0.015257949
005FIL02,9,1,0,12,18,1,2,14,11,9,9,15,20,1,2,6,12,4,6,8,2,1,4,5,3,1,4,3,4,5,5,1,3,6,0,4,0,211,0.01808667
005FIR01,0,0,1,0,0,0,0,0,0,1,0,1,0,0,0,0,0,0,0,0,0,0,1,0,0,0,0,0,0,0,0,0,0,1,0,0,0,5,0.000428594
005FLO05,18,19,0,13,36,6,4,14,18,19,11,10,21,2,11,14,11,6,6,18,0,6,6,16,0,13,26,0,12,15,35,0,8,26,0,7,0,427,0.036601935
005FLU05,3,11,6,0,7,9,0,11,5,13,15,21,19,0,8,7,14,5,17,18,0,5,13,12,1,13,12,0,5,10,16,1,4,18,0,7,0,306,0.026229958
005FLU21,65,17,33,63,98,19,13,31,17,2,24,12,37,2,36,39,26,45,23,105,0,24,133,85,18,15,44,2,64,37,44,3,27,5,4,31,0,1243,0.106548489
005FLU29,63,92,5,31,141,7,14,46,15,22,23,27,63,0,27,26,32,30,34,58,0,16,30,69,0,32,88,7,35,49,72,3,35,68,4,32,0,1296,0.111091586
005FLU30,0,0,0,0,44,0,0,16,16,12,20,16,32,0,8,8,8,0,0,0,0,0,0,0,0,0,0,0,0,0,0,0,0,0,0,0,0,180,0.015429387
005FLU44,10,11,3,8,66,0,0,32,19,15,22,48,26,1,48,25,11,50,12,24,0,63,23,27,0,51,32,0,9,10,14,1,9,20,22,12,0,724,0.062060423
005FLU45,104,295,85,128,366,58,32,122,131,163,146,154,364,9,141,182,144,383,200,296,9,133,176,323,25,157,286,16,218,124,283,19,145,267,9,142,0,5835,0.500169295
005FLU49,0,0,0,1,1,0,0,1,0,0,0,1,0,0,0,0,0,0,1,0,0,0,0,0,0,2,0,0,0,0,0,0,0,0,0,0,0,7,0.000600032
005FLU50,0,1,0,0,0,1,0,0,0,0,0,0,0,0,0,1,1,0,0,0,0,0,0,0,0,0,1,0,0,0,0,0,2,0,0,1,0,8,0.000685751
005FOL10,178,224,52,103,324,100,43,154,209,125,201,135,306,27,156,161,96,175,140,190,0,138,187,310,69,220,158,2,144,118,185,54,94,152,21,91,0,5042,0.432194273
005FOR04,0,0,0,0,0,0,0,0,0,0,0,0,0,0,0,0,0,0,0,0,0,0,0,0,0,0,0,0,0,0,0,0,0,0,0,0,0,0,0
005FOR08,23,28,33,36,61,6,0,18,44,44,27,21,48,24,15,26,150,24,67,30,29,27,34,106,16,55,75,0,25,13,28,2,10,81,3,14,0,1243,0.106548489
005FOR10,3,9,8,1,6,5,0,5,6,7,5,7,19,0,4,3,4,4,4,8,0,3,2,13,7,4,10,2,16,27,19,9,13,12,0,7,0,252,0.021601142
005FOS07,0,0,0,0,0,0,0,0,0,0,0,0,0,0,0,0,0,0,0,1,0,0,0,0,0,0,0,0,0,0,0,0,0,0,0,0,0,1,8.57188E-05
005FRE04,0,1,3,1,1,0,0,9,7,3,8,6,1,1,3,2,6,1,0,1,0,3,1,1,1,2,1,0,0,1,1,4,1,0,0,7,0,77,0.006600349
005FRI01,0,0,0,0,0,0,0,0,0,0,0,0,0,0,0,4,4,4,4,8,0,4,4,12,0,6,12,0,5,4,6,0,3,5,0,3,0,88,0.007543256
005FUL03,0,0,0,0,0,0,0,0,0,0,0,0,0,0,0,0,0,0,0,0,1,1,0,0,0,0,0,0,0,0,0,0,0,0,0,0,0,2,0.000171438
005FUL05,0,0,0,0,5,0,0,1,1,1,2,1,1,0,2,2,2,3,1,2,0,1,0,1,1,1,4,2,0,2,2,0,2,1,0,2,0,43,0.003685909
005FUN02,0,0,0,0,0,0,0,0,0,0,0,0,0,0,0,0,0,0,0,0,0,3,4,11,0,3,6,0,3,3,6,0,3,6,0,2,0,50,0.004285941
005FUS03,0,30,0,0,0,0,0,0,0,0,0,0,0,0,0,0,0,0,0,0,0,0,0,0,0,0,0,0,0,0,0,0,0,0,0,0,0,30,0.002571564
005FUT02,0,0,0,7,0,0,0,0,0,0,0,7,0,0,0,0,2,0,6,0,0,1,0,0,0,7,0,0,0,0,0,0,0,0,0,0,0,30,0.002571564
005FYC02,0,0,0,0,0,0,0,0,0,0,0,0,20,0,11,2,6,5,15,8,0,4,3,8,0,15,0,0,0,0,0,0,0,0,0,0,0,97,0.008314725
005FYC03,0,1,0,0,0,0,0,0,2,0,0,0,0,0,1,0,0,1,0,0,0,0,0,0,0,1,1,0,0,1,1,0,0,0,0,1,0,10,0.000857188
005FYL01,64,83,63,47,114,65,99,84,46,28,69,58,57,2,31,107,37,97,36,79,1,22,78,118,2,102,141,1,21,50,101,56,42,90,4,72,0,2167,0.185752675
005GAL04,16,0,0,2,6,0,0,0,1,1,1,0,0,0,1,0,1,1,1,2,1,3,3,6,0,3,6,0,4,7,12,0,0,24,0,3,0,105,0.009000476
005GAL05,10,34,10,59,38,14,0,49,10,9,22,20,12,1,22,7,6,6,6,19,1,12,58,24,4,21,24,0,16,30,26,0,19,24,2,12,0,627,0.053745698
005GAR04,0,0,2,0,0,0,0,0,0,0,0,0,0,0,0,0,2,0,5,0,0,0,0,0,0,0,0,3,0,1,0,0,0,2,0,0,0,15,0.001285782
005GAR05,0,0,1,0,0,2,0,0,0,0,0,0,0,0,0,0,0,0,0,0,0,0,0,0,0,0,0,0,0,0,0,0,0,0,0,0,0,3,0.000257156
005GAV01,0,0,0,0,0,0,0,0,0,0,0,0,48,0,0,0,0,0,0,0,0,0,0,0,0,0,0,0,48,0,0,0,0,0,0,100,0,196,0.016800888
005GEN17,435,377,196,381,848,99,67,271,485,629,370,458,639,17,347,402,298,357,535,402,77,368,347,803,17,459,486,66,337,380,581,179,389,485,19,265,0,12871,1.103286888
005GEO01,0,0,0,28,28,0,0,28,0,0,4,26,2,0,1,1,1,25,1,2,0,5,2,2,0,29,2,0,0,1,2,0,1,2,0,1,0,194,0.01662945
005GIN04,14,27,7,47,74,4,2,33,27,90,24,61,26,0,11,11,11,35,30,22,0,44,9,19,2,57,16,0,93,11,40,5,31,24,0,13,0,920,0.078861311
005GIO01,0,16,0,0,0,0,0,0,0,0,0,0,0,0,0,0,1,17,1,21,0,0,0,0,0,0,0,0,0,0,2,0,0,17,0,0,0,75,0.006428911
005GIO02,0,0,0,0,0,0,1,1,1,1,1,1,2,0,1,1,1,1,18,0,0,0,0,0,0,0,0,0,0,0,0,1,1,2,0,1,0,35,0.003000159
005GLI03,0,0,0,0,0,0,0,0,0,0,0,0,0,0,0,0,0,0,0,0,0,0,0,0,0,0,0,0,0,0,0,0,0,0,0,0,0,0,0
005GLU01,140,93,112,140,162,45,4,117,76,79,38,80,78,43,39,74,74,76,120,103,12,92,129,129,45,97,140,19,49,140,234,10,61,210,9,110,0,3179,0.272500118
005GLU04,23,18,18,36,15,0,0,3,7,8,8,15,20,1,13,30,11,24,22,36,9,14,29,25,63,16,36,1,25,71,40,0,31,114,5,14,0,801,0.068660772
005GLU08,14,24,0,16,45,7,0,14,25,16,52,20,66,0,9,14,12,13,14,37,0,11,65,10,0,3,14,0,26,3,4,0,2,11,1,7,0,555,0.047573943
005GLY10,3,5,0,2,5,5,2,11,11,11,15,6,26,1,5,12,14,10,18,35,1,14,10,25,0,21,37,0,5,14,23,6,9,23,0,6,0,391,0.033516057
005GLY14,51,72,0,128,214,16,0,38,40,142,45,261,95,0,87,50,67,206,112,75,0,74,56,94,21,251,84,0,46,51,150,13,83,80,4,47,0,2753,0.235983902
005GLY15,10,26,7,25,36,15,12,10,29,33,7,6,16,0,3,34,6,14,13,19,0,8,18,51,1,21,54,1,23,10,17,0,16,20,1,9,0,571,0.048945444
005GLY16,0,0,0,0,0,0,0,0,0,0,0,0,0,0,0,1,0,1,0,0,0,0,0,0,0,0,0,0,0,0,0,0,0,0,0,0,0,2,0.000171438
005GOU01,0,0,2,0,0,0,0,0,0,0,0,0,0,0,0,1,0,0,0,0,0,0,0,0,0,0,0,0,0,0,0,2,0,1,0,0,0,6,0.000514313
005GRA01,4,9,2,7,20,4,1,5,2,2,2,3,1,0,0,2,6,2,1,1,2,5,5,5,0,5,6,2,4,3,6,0,2,3,0,1,0,123,0.010543414
005GRA02,3,3,1,4,0,2,0,1,8,5,3,3,1,0,0,0,4,4,4,0,1,2,6,5,0,1,6,0,2,3,4,2,2,2,0,2,0,84,0.007200381
005GUA02,1,2,0,0,0,0,2,0,2,0,0,0,0,1,0,0,1,0,0,0,0,0,0,0,0,1,0,3,0,0,0,0,0,0,0,0,0,13,0.001114345
005HAE04,0,0,0,0,1,0,1,1,1,1,0,3,0,0,1,1,0,0,1,0,0,0,0,1,0,1,0,1,0,2,0,0,0,1,0,2,0,19,0.001628658
005HAR04,54,124,56,74,96,45,32,44,125,45,112,129,118,33,90,46,58,77,76,164,58,70,117,104,46,83,85,15,96,40,104,23,72,124,11,52,0,2698,0.231269367
005HEM01,60,118,31,56,185,67,30,70,76,82,90,97,147,16,68,86,90,101,107,151,6,58,127,231,21,83,183,15,76,120,245,30,97,225,21,99,0,3365,0.288443818
005HEP13,3,0,0,0,0,0,0,0,0,0,0,0,0,0,0,0,1,0,0,0,0,0,0,0,7,0,0,0,0,0,0,0,0,0,0,0,0,11,0.000942907
005HER01,16,31,4,21,77,7,0,25,15,23,74,24,62,3,22,39,44,25,27,134,92,16,13,62,9,37,61,2,27,14,57,52,19,56,9,18,0,1217,0.1043198
005HER07,0,0,0,0,0,2,0,0,1,0,0,0,1,0,1,0,1,1,1,0,0,2,0,0,0,2,2,0,1,0,0,0,0,0,0,1,0,16,0.001371501
005HIG01,1,1,0,3,1,2,1,0,1,1,4,1,0,2,0,0,4,2,0,1,0,1,1,0,0,0,0,3,1,1,1,2,1,3,0,1,0,40,0.003428753
005HUM09,43,60,9,59,132,24,29,52,48,49,57,54,74,10,43,50,55,62,51,87,6,43,49,109,13,57,76,7,41,41,85,10,28,47,5,33,0,1698,0.145550551
005HUM21,0,0,0,0,0,0,0,0,0,0,1,0,0,0,0,0,0,0,0,0,0,0,0,0,0,1,0,0,0,0,0,0,0,0,0,0,0,2,0.000171438
005HUM25,0,0,0,0,0,0,0,0,0,0,0,1,0,2,0,0,0,0,0,0,0,0,0,0,0,0,0,0,0,0,0,0,1,1,0,0,0,5,0.000428594
005HYD10,4,6,0,3,9,0,0,0,0,0,0,0,0,0,0,1,4,3,3,6,3,5,2,4,0,4,8,0,2,34,0,0,2,4,0,2,0,109,0.009343351
005HYD11,1,1,0,0,0,1,2,0,0,0,0,0,0,1,0,0,1,0,1,0,1,0,0,0,4,1,0,0,0,0,0,0,4,0,0,0,0,18,0.001542939
005HYD12,35,53,34,29,65,11,14,41,14,29,32,40,50,25,15,33,33,30,36,50,21,28,12,67,13,34,56,22,18,40,79,15,44,81,23,31,0,1253,0.107405677
005HYD14,49,22,42,49,121,140,30,59,51,41,46,13,50,1,9,40,40,9,52,32,30,6,23,64,42,122,50,0,17,22,50,3,16,71,3,22,0,1437,0.123177939
005ICH01,5,3,0,0,0,0,0,0,1,1,0,0,1,1,3,1,2,3,1,1,2,4,0,2,2,2,1,0,1,2,3,0,1,1,0,0,0,44,0.003771628
005IDA01,0,0,0,0,0,0,0,0,0,0,0,0,0,0,0,0,1,6,0,0,0,0,0,0,0,0,0,0,0,0,0,0,0,0,0,0,0,7,0.000600032
005IMF03,0,0,0,3,0,0,0,0,0,0,0,2,0,0,0,0,0,0,0,0,0,2,0,0,0,3,0,0,0,0,0,0,0,0,0,0,0,10,0.000857188
005IMF04,1,3,9,3,3,7,0,3,1,1,11,0,3,0,0,8,5,0,11,2,0,3,9,9,0,0,0,0,6,3,8,0,6,3,0,3,0,121,0.010371977
005IMJ01,0,0,0,0,0,0,0,0,0,0,0,0,0,0,0,0,0,0,0,0,0,0,0,1,0,0,0,0,1,0,0,0,0,0,0,0,0,2,0.000171438
005IMM05,0,0,0,0,0,0,0,0,0,0,0,0,0,0,0,0,0,0,0,4,0,2,2,4,0,56,0,0,0,0,0,0,0,0,0,2,0,70,0.006000317
005IMO02,17,39,32,56,135,26,0,27,24,47,25,119,40,0,22,44,41,131,49,66,0,74,30,63,8,109,42,1,43,17,37,3,40,34,1,17,0,1459,0.125063753
005IMO08,73,124,67,80,193,94,36,165,66,43,70,228,170,25,48,104,145,235,91,122,77,122,126,143,154,110,161,94,91,66,152,85,52,125,121,157,0,4015,0.344161049
005INC04,0,0,0,0,0,0,0,0,1,0,0,0,0,0,0,0,0,0,0,0,0,0,0,0,0,0,0,0,0,0,0,0,0,0,0,0,0,1,8.57188E-05
005INS20,17,36,9,27,60,0,0,17,38,26,18,33,35,17,21,22,31,25,38,22,3,16,26,23,3,27,38,7,14,13,37,10,26,43,1,8,0,787,0.067460709
005INV01,2,6,0,1,2,0,0,0,1,1,1,2,4,0,3,2,2,2,4,8,0,4,5,10,0,2,4,0,1,0,0,0,0,0,0,0,0,67,0.005743161
005INV02,19,23,0,47,65,0,0,19,7,15,8,64,15,0,8,18,10,34,32,16,0,15,8,14,24,87,8,0,4,4,8,0,4,8,0,4,0,588,0.050402664
005INV04,1,0,0,2,0,0,1,0,0,0,2,1,0,0,0,1,0,0,1,0,0,0,0,1,0,1,0,0,0,2,0,0,0,0,0,0,0,13,0.001114345
005INV05,0,0,0,0,0,0,0,0,0,0,0,0,0,0,0,0,0,0,0,0,0,0,0,0,0,0,0,0,0,0,0,0,0,0,0,0,0,0,0
005INV06,0,0,0,0,0,0,0,0,0,0,0,0,0,0,0,0,0,0,0,0,0,0,0,0,0,0,0,0,0,0,0,0,0,0,0,0,0,0,0
005IPR03,401,950,74,457,1588,70,50,493,502,593,569,638,1267,20,547,539,580,620,596,1255,50,569,576,1171,36,563,1220,60,575,570,1220,26,487,1210,33,414,0,20589,1.764864714
005IRE01,0,0,0,0,0,0,0,0,0,0,0,0,0,0,1,0,0,1,0,0,0,0,0,0,0,0,0,0,0,0,0,0,0,0,0,0,0,2,0.000171438
005ISO15,9,5,0,0,8,0,0,3,3,3,3,3,5,0,3,3,3,3,3,5,0,3,3,5,0,3,5,0,3,0,0,0,0,0,3,3,0,90,0.007714693
005IZB01,0,0,0,0,0,0,0,0,0,0,0,1,0,0,0,0,0,0,0,0,0,0,0,0,1,0,0,0,0,1,0,0,0,1,0,1,0,5,0.000428594
005JAK01,0,0,0,0,0,0,0,0,0,0,0,0,0,0,0,0,0,0,112,0,0,0,0,0,0,0,0,0,0,0,0,0,0,0,0,0,0,112,0.009600507
005JAN02,37,25,0,9,28,4,1,11,13,17,13,15,32,0,16,16,32,34,20,34,1,11,10,21,1,18,34,0,46,86,40,2,9,19,19,7,0,681,0.058374514
005JAR02,5,1,3,10,15,4,62,8,10,8,47,11,36,0,9,34,23,40,19,22,0,66,26,18,28,5,21,0,12,14,24,4,67,45,2,23,0,722,0.061888986
005JUX01,4,10,1,29,15,0,0,4,4,4,4,31,12,0,6,6,6,6,27,14,0,10,8,16,0,31,12,0,6,8,16,0,18,14,0,16,0,338,0.02897296
005KAL02,132,274,32,27,292,41,65,99,37,66,158,157,243,46,124,123,108,105,112,199,41,82,73,221,73,110,243,45,93,164,319,47,123,349,29,89,0,4541,0.389249146
005KAP01,40,0,0,0,30,0,0,0,40,0,0,126,0,0,0,30,2,60,0,0,0,0,0,30,0,0,0,0,40,0,0,0,0,40,0,105,0,543,0.046545317
005KAS01,874,1425,373,829,1946,383,90,691,825,1114,884,959,1473,178,725,648,781,1038,942,1201,216,909,699,1255,321,883,1151,256,966,911,1369,163,881,1449,152,824,0,29784,2.553049233
005KAS02,0,1,0,2,0,0,0,0,0,1,1,2,2,0,0,0,0,1,3,0,0,0,0,0,0,2,1,1,0,0,1,0,3,1,0,0,0,22,0.001885814
005KEL01,0,0,0,0,0,0,0,0,0,0,0,4,180,0,0,0,0,0,0,0,0,0,0,0,0,0,0,0,0,0,0,0,0,0,0,0,0,184,0.015772262
005KEN04,1042,1220,918,1332,1531,762,320,942,1049,652,1110,1112,1546,391,756,1372,946,1293,1327,1149,276,923,1442,1588,786,873,1603,264,785,977,1174,606,741,1169,254,959,0,35190,3.016445155
005KEP01,121,162,2,159,186,88,28,80,81,116,113,322,156,28,116,74,83,82,64,112,45,63,55,136,78,136,119,30,68,261,128,5,167,151,43,71,0,3729,0.319645467
005KID02,0,0,0,1,0,3,1,0,1,0,2,2,0,0,0,1,1,0,1,1,0,0,0,0,0,1,3,1,0,0,0,0,0,0,0,0,0,19,0.001628658
005KIS01,92,89,24,0,0,0,83,28,0,0,0,0,32,21,0,0,36,39,1,4,80,0,0,6,27,120,0,23,60,91,24,0,0,63,21,28,0,992,0.085033066
005KLU02,2,2,0,1,4,0,0,1,1,1,1,3,5,0,3,7,2,0,0,2,0,0,0,0,0,0,0,0,0,0,0,0,0,2,1,2,0,40,0.003428753
005KOD01,55,6,12,2,6,0,0,5,4,4,4,2,4,0,2,2,2,2,28,0,14,0,0,0,0,2,2,0,2,2,4,0,4,6,0,3,0,179,0.015343668
005KRE03,0,0,0,0,0,0,1,3,3,3,3,3,66,0,3,3,3,3,3,6,0,3,3,6,0,3,6,0,3,3,6,0,3,6,0,54,0,199,0.017058044
005LAB02,75,27,29,8,26,11,2,18,22,31,30,52,87,8,44,136,29,33,107,78,2,37,67,55,34,34,78,3,38,66,127,1,18,76,10,26,0,1525,0.130721195
005LAB03,0,0,0,0,0,0,0,1,1,1,7,0,0,0,0,0,0,0,0,0,0,0,0,0,0,0,0,0,0,0,0,0,0,0,0,0,0,10,0.000857188
005LAC04,0,14,13,12,43,13,8,20,10,19,26,15,28,13,15,19,14,34,17,28,10,15,8,31,6,17,24,11,3,18,27,6,20,34,9,19,0,619,0.053059947
005LAC07,1718,2945,1716,2378,3368,1605,1021,1602,2259,2256,2108,2404,2942,861,1684,2467,2082,2676,2746,3011,1057,1532,2357,2750,2180,1534,2369,801,1544,2109,3087,1410,1798,2712,680,1733,0,73502,6.300504455
005LAM02,4,7,0,6,38,0,0,5,4,4,4,18,12,0,6,18,4,16,64,4,0,4,2,4,0,16,4,0,24,0,0,0,2,4,0,0,0,274,0.023486956
005LAM04,1,2,0,42,20,0,0,21,1,1,1,51,2,0,3,3,3,12,36,10,0,13,5,25,0,52,4,0,2,2,4,0,2,4,0,2,0,324,0.027772897
005LAN03,13,15,0,9,17,0,3,9,15,5,8,8,21,8,17,8,10,9,27,17,1,12,11,11,5,15,12,2,7,5,8,1,28,12,0,9,0,358,0.030687336
005LAT03,19,23,4,66,129,0,0,17,16,16,16,136,26,0,32,17,18,83,48,21,0,31,24,33,56,153,27,0,16,35,42,0,28,26,0,17,0,1175,0.100719609
005LAT04,20,15,1,43,23,0,0,9,10,10,10,62,20,0,17,16,8,8,45,14,0,12,8,16,0,44,27,0,8,8,24,1,8,12,0,6,0,505,0.043288002
005LCA01,0,0,0,0,0,0,0,2,1,1,1,1,0,0,0,0,0,0,0,0,0,0,0,0,0,0,0,0,0,0,0,0,0,0,0,0,0,6,0.000514313
005LEA01,0,0,0,0,0,0,0,0,0,0,0,0,0,0,1,0,0,0,0,0,0,0,0,0,0,0,0,0,0,0,0,0,0,0,0,0,0,1,8.57188E-05
005LEE01,0,0,0,0,0,0,0,0,0,0,0,0,0,0,0,0,0,0,0,0,0,0,0,0,0,0,0,0,0,0,0,0,0,0,0,0,0,0,0
005LEE02,85,37,11,48,22,0,3,22,12,10,22,63,11,0,13,9,13,21,52,18,3,20,64,63,1,74,36,4,44,44,64,0,23,88,1,57,0,1058,0.090690508
005LEF02,109,335,241,187,282,178,158,115,201,299,217,302,317,169,127,155,243,230,221,257,151,113,227,181,269,99,188,48,122,205,302,190,134,405,155,132,0,7264,0.622661484
005LEF06,30,71,18,35,89,12,0,11,33,29,35,26,64,0,42,32,38,50,47,75,3,41,42,59,6,22,55,0,18,29,34,0,9,45,0,9,0,1109,0.095062168
005LEN01,40,82,0,83,298,6,11,66,40,52,52,215,57,9,52,97,25,146,93,53,1,67,34,74,38,213,47,7,36,57,61,8,46,49,0,41,0,2256,0.19338165
005LEN07,0,0,0,0,0,0,0,0,0,0,0,0,0,0,0,0,0,0,0,0,0,8,0,0,0,0,0,0,0,0,0,0,0,0,0,0,0,8,0.000685751
005LEQ01,0,0,0,0,3,0,0,0,0,1,0,0,0,0,1,1,1,1,0,0,0,0,0,0,0,0,0,0,0,0,1,0,0,0,0,0,0,9,0.000771469
005LEQ02,0,0,0,0,0,0,0,0,0,0,0,0,0,0,3,0,0,0,0,0,0,0,0,0,0,0,0,0,0,0,0,0,0,0,0,0,0,3,0.000257156
005LES04,0,0,0,0,0,0,0,0,2,2,56,0,0,0,0,0,0,0,0,0,0,0,0,0,0,0,0,0,0,0,0,0,0,0,0,0,0,60,0.005143129
005LEU01,0,0,0,0,0,0,0,0,0,0,0,0,0,0,0,0,0,0,0,0,0,0,0,0,0,28,0,0,0,0,0,0,0,0,0,0,0,28,0.002400127
005LEU09,1,4,9,0,2,1,1,9,6,5,6,5,0,1,6,6,15,5,1,0,0,1,2,9,3,20,1,0,2,6,6,0,0,3,0,2,0,138,0.011829197
005LEU10,1,0,0,7,2,2,2,0,0,0,1,2,0,0,1,0,1,0,1,3,1,0,2,5,0,0,5,1,1,4,1,4,0,0,1,0,0,48,0.004114503
005LEV04,0,0,0,0,0,0,0,0,0,0,0,0,0,0,0,0,0,0,0,0,0,0,0,0,0,0,0,0,0,0,1,0,0,0,0,0,0,1,8.57188E-05
005LEV05,38,71,73,42,88,16,33,31,103,47,82,23,33,7,28,34,44,26,38,39,60,32,35,42,12,72,16,0,36,17,32,15,9,16,0,8,0,1298,0.111263024
005LEV06,10,13,0,4,18,2,0,7,8,5,5,6,9,0,7,6,5,4,6,19,0,7,9,21,2,7,7,1,1,5,6,1,5,8,1,5,0,220,0.01885814
005LEV07,13,36,10,35,21,6,0,22,4,20,29,13,10,7,2,30,33,16,28,8,3,13,49,33,7,23,23,0,20,23,35,2,16,54,0,15,0,659,0.0564887
005LEV11,0,0,0,0,0,0,0,0,0,0,0,0,0,0,0,0,0,0,1,1,0,0,0,0,0,0,0,0,0,0,0,0,0,0,0,0,0,2,0.000171438
005LEX02,8,14,0,24,38,3,0,11,36,7,9,20,11,0,5,5,6,7,19,13,0,7,13,24,11,19,10,0,5,5,12,0,6,16,0,8,0,372,0.0318874
005LHR03,0,6,0,0,0,0,1,2,1,1,1,0,0,1,1,3,1,0,0,0,0,0,3,0,2,0,0,1,2,2,0,0,0,0,0,0,0,28,0.002400127
005LID02,31,55,12,98,153,24,1,28,47,51,24,108,44,0,19,23,25,53,82,58,3,53,28,65,56,110,54,0,57,40,77,0,59,50,0,46,0,1634,0.140064546
005LID10,0,0,14,0,0,0,0,1,0,0,0,0,0,0,0,0,0,0,0,0,0,0,0,5,0,2,9,0,1,1,19,0,0,0,0,0,0,52,0.004457378
005LIN03,1,2,2,4,16,0,0,3,3,15,0,0,5,0,2,3,3,3,3,6,0,3,3,13,0,0,7,1,4,4,12,1,4,16,0,4,0,143,0.012257791
005LIN04,8,11,3,6,18,4,0,8,6,2,3,1,4,0,1,2,2,4,4,8,0,2,2,4,0,2,9,0,4,2,4,0,1,4,0,2,0,131,0.011229165
005LIN05,0,0,0,0,0,0,0,0,0,0,0,0,0,0,0,0,0,0,0,0,0,2,2,4,0,0,0,0,0,0,0,0,0,0,0,0,0,8,0.000685751
005LIN06,7,14,0,11,31,0,27,11,32,8,8,46,64,0,140,19,38,58,10,73,2,14,12,68,0,20,33,0,39,10,68,0,12,79,8,27,0,989,0.08477591
005LIP10,89,82,38,56,92,18,23,48,104,49,64,60,82,4,36,60,49,85,64,103,3,77,110,104,2,76,97,6,72,78,95,4,51,68,3,49,0,2101,0.180095234
005LIP15,36,14,1,7,18,8,1,17,7,6,10,6,11,6,8,31,36,3,9,14,12,11,13,14,8,22,6,0,2,10,8,0,5,20,2,49,0,431,0.03694481
005LIP18,63,133,44,117,176,40,42,71,75,64,132,105,137,18,56,58,61,74,66,141,30,64,81,99,48,126,102,6,51,90,76,37,50,125,9,115,0,2782,0.238469748
005LIP22,3,6,0,4,12,30,0,1,3,4,4,2,6,0,4,4,4,4,5,10,0,5,6,10,0,6,18,0,3,3,8,1,5,26,0,3,0,200,0.017143763
005LIV03,29,345,44,57,115,27,47,86,39,91,82,117,130,30,29,94,122,41,76,102,13,66,16,54,22,26,54,2,58,30,83,65,82,166,22,104,0,2566,0.219954483
005LIX03,4,8,11,3,15,0,1,7,22,16,3,12,4,0,4,4,10,3,3,6,9,2,4,6,0,5,6,0,3,4,25,0,3,9,12,8,0,232,0.019886765
005LOF03,23,17,11,8,21,18,9,9,19,5,9,19,24,5,32,17,23,28,16,13,5,19,16,43,9,9,30,8,7,14,30,9,30,39,5,22,0,621,0.053231385
005LOP05,14,11,13,19,10,4,31,13,3,5,5,6,20,1,5,69,23,6,49,4,0,19,57,2,22,3,6,1,13,2,19,7,10,29,2,4,0,507,0.04345944
005LOR05,42,100,45,108,115,20,7,48,49,24,15,63,29,70,17,43,39,45,202,48,39,22,68,80,89,61,97,0,33,54,62,18,46,89,57,73,0,2017,0.172894853
005LOR07,0,46,0,0,0,0,0,0,0,0,0,0,0,0,0,0,0,0,156,0,0,0,0,0,0,0,0,0,0,0,0,0,0,0,0,0,0,202,0.017315201
005LOT02,1,6,0,16,4,0,0,1,1,1,0,14,0,0,1,1,8,1,13,2,0,4,1,2,0,22,2,0,1,1,2,0,1,2,0,1,0,109,0.009343351
005LOX01,1,0,0,1,3,3,0,2,1,3,2,2,31,0,5,3,2,4,2,4,0,2,2,32,0,2,4,0,2,8,2,0,2,6,0,1,0,132,0.011314884
005LUC02,748,1102,568,587,1687,267,227,666,565,773,734,1034,1064,205,611,673,556,804,649,1062,478,758,874,1142,458,846,1052,111,663,715,1382,268,932,1212,179,538,0,26190,2.244975806
005LUM05,0,0,0,0,0,0,0,0,0,0,0,0,0,0,0,0,0,0,0,0,0,0,0,0,0,0,0,0,0,0,0,0,0,0,0,0,0,0,0
005LUM06,0,0,0,0,0,0,0,0,0,1,0,0,0,0,0,0,0,0,0,0,0,0,0,0,0,0,0,0,0,0,0,0,0,0,0,0,0,1,8.57188E-05
005LUN01,2,5,25,3,13,0,0,4,4,11,5,5,9,0,5,9,2,6,3,12,0,4,20,6,11,7,10,0,3,7,4,0,4,9,1,8,0,217,0.018600983
005LUN02,11,26,0,28,46,0,0,13,10,15,41,44,18,0,9,21,16,20,16,20,0,31,8,23,0,28,14,0,8,11,36,0,10,19,0,11,0,553,0.047402506
005LYN02,128,83,72,20,42,52,0,0,140,0,28,40,0,80,84,0,0,21,0,0,0,126,116,72,42,0,84,0,2,124,0,56,0,0,0,0,0,1412,0.121034969
005LYR01,160,126,54,101,216,31,7,89,109,141,168,173,176,0,105,153,99,83,151,170,103,105,124,229,44,106,125,26,83,86,290,58,92,138,0,152,0,4073,0.34913274
005MAD04,49,80,32,36,119,0,1,44,31,62,56,44,54,7,44,33,55,42,69,57,1,33,17,44,26,48,51,0,46,108,106,0,29,71,2,52,0,1549,0.132778447
005MAF01,9,4,8,13,41,7,0,2,5,9,9,7,12,0,10,42,9,7,17,19,2,9,14,17,0,5,9,5,31,9,17,1,6,11,0,7,0,373,0.031973119
005MAG02,17,27,13,47,39,15,8,23,12,19,28,36,22,4,20,9,19,23,33,36,9,14,44,34,12,26,30,12,25,15,50,7,35,40,12,29,0,844,0.072346681
005MAG04,103,279,105,254,571,244,3,165,302,163,352,423,334,29,307,134,138,188,232,247,4,190,351,529,34,331,299,84,272,216,360,125,223,441,24,129,0,8185,0.701608514
005MAR02,0,0,0,0,0,0,0,0,0,0,0,0,0,2,0,0,0,0,0,0,0,0,0,0,0,0,0,0,0,1,0,0,1,1,0,0,0,5,0.000428594
005MEB02,6,12,0,6,39,0,0,11,9,9,9,54,24,0,13,12,9,31,12,25,0,15,77,42,2,29,12,0,41,3,32,0,3,6,0,5,0,548,0.046973911
005MED02,693,597,225,509,1032,197,28,491,396,529,733,362,642,16,463,658,462,591,439,438,156,427,428,564,99,471,519,59,383,306,666,220,393,489,128,300,0,15109,1.295125599
005MED08,39,75,12,21,94,23,8,46,36,56,46,60,83,17,43,58,44,56,49,90,10,18,13,56,9,28,58,11,25,31,61,7,37,54,7,31,0,1412,0.121034969
005MEG04,9,15,14,16,8,8,5,6,5,9,14,9,11,6,9,6,8,3,13,8,1,8,3,9,11,7,8,4,5,12,9,9,8,14,1,8,0,299,0.025629926
005MEG07,6,8,0,52,24,0,0,3,3,7,7,43,14,0,9,8,7,7,40,18,0,15,11,21,8,67,16,0,8,14,14,0,8,16,0,10,0,464,0.039773531
005MEK03,0,0,0,0,0,0,0,0,0,0,0,30,0,0,0,0,0,0,0,0,0,0,0,0,0,0,0,0,0,0,0,0,30,0,0,0,0,60,0.005143129
005MEL10,55,111,4,56,157,0,11,117,81,50,60,46,180,28,99,27,32,34,39,107,7,45,61,127,2,45,83,7,94,52,117,10,65,76,35,33,0,2153,0.184552612
005MEN12,36,75,24,44,152,0,6,59,41,40,42,44,81,6,45,43,58,47,44,88,0,36,37,52,4,28,62,0,42,40,92,0,50,100,4,23,0,1545,0.132435572
005MEP02,23,56,30,30,116,2,2,31,26,41,44,114,41,2,51,29,31,32,33,60,16,75,82,86,2,41,79,2,68,35,59,23,51,45,0,20,0,1478,0.126692411
005MEP06,178,494,52,221,588,0,12,204,176,162,158,156,332,4,113,122,76,120,128,268,12,174,216,432,8,124,372,16,160,169,240,28,74,276,8,124,0,5997,0.514055743
005MEP08,0,0,0,1,0,0,0,0,0,0,0,2,0,3,2,0,0,0,0,1,0,0,0,0,1,0,1,0,0,0,1,1,0,0,0,0,0,13,0.001114345
005MEP12,0,2,0,0,0,0,0,0,0,0,0,0,0,0,0,0,0,0,0,0,0,0,0,0,0,0,0,0,0,0,0,0,0,0,0,0,0,2,0.000171438
005MER07,55,118,18,43,157,6,7,50,15,49,49,58,115,6,50,66,62,75,72,150,2,72,69,123,5,71,126,0,41,38,93,0,66,125,0,47,0,2099,0.179923796
005MER09,0,0,0,0,0,21,0,0,0,0,0,0,0,0,0,0,0,0,0,0,0,0,0,0,0,0,21,0,0,0,0,0,0,0,0,0,0,42,0.00360019
005MES01,2,4,50,2,18,0,0,6,5,7,7,7,38,0,18,0,2,2,2,4,0,2,11,16,2,74,4,0,2,2,4,0,2,4,17,35,0,349,0.029915867
005MET02,0,0,12,0,0,0,0,0,3,0,0,0,0,0,3,0,6,0,0,0,0,6,0,0,9,0,0,0,0,0,0,0,0,4,0,0,0,43,0.003685909
005MET11,50,22,21,27,39,15,1,18,16,16,18,32,26,3,21,14,9,14,28,33,0,17,23,40,0,41,37,4,45,22,30,0,25,25,1,16,0,749,0.064203394
005MET25,0,0,1,0,0,0,0,0,0,0,0,0,0,0,0,0,0,0,0,0,0,0,0,0,0,0,0,0,0,0,0,0,0,2,0,1,0,4,0.000342875
005MET29,24,51,2,34,129,70,0,39,87,123,151,52,238,0,40,51,72,68,36,66,53,35,136,94,54,42,101,1,104,52,317,39,56,45,3,54,0,2519,0.215925699
005MET38,0,0,0,0,0,0,0,0,0,0,0,0,0,0,0,0,0,0,0,0,0,0,0,0,0,0,0,0,0,0,0,0,0,0,0,2,0,2,0.000171438
005MEZ03,4,10,0,61,83,0,0,7,4,4,5,124,10,0,4,4,6,59,60,22,0,35,10,23,2,132,17,0,24,16,33,0,14,12,0,13,0,798,0.068403616
005MID01,101,186,29,110,338,94,40,158,166,192,178,155,268,12,105,282,221,164,206,272,68,176,288,202,59,133,152,12,131,110,208,40,145,219,46,188,0,5454,0.467510426
005MID03,187,271,522,417,324,413,479,433,279,371,290,492,366,392,244,119,234,125,296,307,347,221,278,232,466,215,324,308,362,326,363,389,380,413,423,430,0,12038,1.031883114
005MIK02,0,0,0,0,0,0,0,0,0,0,2,0,0,0,0,2,0,1,0,0,0,0,0,0,0,0,0,0,0,0,0,0,1,0,0,1,0,7,0.000600032
005MIN08,3,6,1,10,10,1,1,6,3,70,2,9,2,1,1,1,1,2,7,6,0,3,1,4,0,9,4,1,3,3,11,0,2,4,0,7,0,195,0.016715169
005MIR07,1,0,1,0,0,0,0,0,0,0,0,0,0,0,0,0,0,0,0,0,0,0,0,0,0,0,0,0,0,0,0,1,0,0,0,0,0,3,0.000257156
005MIR09,0,0,0,7,14,0,0,0,0,1,1,21,2,0,1,1,1,13,7,2,0,4,1,2,8,22,2,0,1,2,9,0,1,4,0,2,0,129,0.011057727
005MIR10,5,10,12,8,15,0,0,3,6,7,6,13,20,0,5,12,6,7,13,12,0,23,6,10,0,14,14,0,7,8,13,0,6,15,1,8,0,285,0.024429863
005MIR12,12,28,1,34,106,12,0,17,14,53,11,55,34,0,12,23,24,38,34,24,0,33,11,42,1,38,16,0,10,31,26,1,8,21,9,8,0,787,0.067460709
005MIT04,0,2,0,0,0,0,1,0,1,0,2,0,0,0,0,1,0,1,0,0,0,0,0,0,0,0,0,0,0,7,1,1,0,0,0,0,0,17,0.00145722
005MIY01,284,266,162,258,342,82,19,133,210,269,177,126,461,13,242,220,270,198,179,261,8,157,223,566,109,254,268,5,176,244,393,66,205,278,57,198,0,7379,0.632519147
005MOC01,0,0,0,0,3,0,0,1,2,2,16,1,7,0,3,9,2,22,0,0,0,2,0,4,0,2,4,0,1,1,2,0,1,2,0,1,0,88,0.007543256
005MOD13,0,1,0,0,0,0,0,0,0,0,0,0,0,0,0,0,0,0,0,0,0,0,0,0,0,0,0,0,0,0,0,0,0,0,0,0,0,1,8.57188E-05
005MOM02,5,2,0,3,3,5,2,3,3,2,2,0,0,2,2,0,1,3,1,1,0,2,1,1,4,1,2,0,2,2,4,1,4,1,2,0,0,67,0.005743161
005MON04,0,0,4,0,8,2,3,1,0,4,0,0,0,0,1,0,0,1,2,1,0,0,2,3,2,4,2,0,0,0,0,3,3,1,0,4,0,51,0.00437166
005MOP01,345,319,208,198,438,156,21,352,314,405,515,319,454,19,292,285,206,279,236,559,27,318,350,646,166,395,383,74,242,281,375,112,170,382,163,233,0,10237,0.877503525
005MOR07,0,108,0,0,0,0,0,0,0,0,96,84,28,0,0,0,0,0,0,8,0,0,0,50,0,0,0,0,0,0,0,10,0,147,0,0,0,531,0.045516692
005MOS04,0,0,0,0,0,0,0,0,0,0,0,0,0,0,0,0,0,0,0,0,0,0,0,0,0,0,0,0,0,0,0,1,0,0,0,0,0,1,8.57188E-05
005MOU01,0,0,0,0,0,0,0,0,0,0,0,0,0,0,0,1,0,0,0,5,0,1,0,0,0,0,0,0,0,0,0,0,0,0,0,0,0,7,0.000600032
005MOU02,1,1,6,0,0,0,0,0,1,1,2,2,0,0,0,0,0,0,0,0,0,1,7,0,0,0,0,0,0,0,0,0,3,10,0,0,0,35,0.003000159
005MVA01,7,8,0,2,22,0,0,7,0,0,7,0,0,0,3,6,5,15,3,0,3,9,9,8,0,19,0,0,3,0,9,0,7,0,0,0,0,152,0.01302926
005MYC04,0,0,0,0,0,0,0,0,0,0,0,0,0,0,0,0,0,0,0,0,0,0,0,0,0,0,0,0,2,0,0,0,0,0,0,0,0,2,0.000171438
005MYC08,10,16,4,11,27,0,0,18,14,14,12,16,24,4,14,14,10,14,12,20,0,16,15,40,0,17,34,0,17,17,22,0,13,19,0,7,0,471,0.040373563
005MYF03,15,17,0,4,14,0,8,2,0,2,2,2,2,10,14,12,16,14,16,36,4,24,16,34,0,16,28,0,4,4,14,0,12,28,0,18,0,388,0.033258901
005NAP01,2,0,3,4,8,8,22,3,13,9,28,2,7,0,1,7,7,6,7,9,1,3,20,13,1,4,10,0,3,48,25,4,7,9,1,6,0,301,0.025801364
005NAV06,14,32,6,19,10,0,0,0,0,0,12,0,0,0,0,2,13,0,9,0,0,1,0,0,0,0,0,0,0,25,1,12,0,9,0,0,0,165,0.014143605
005NED01,8,18,25,6,17,7,0,10,6,5,8,8,14,2,53,67,25,60,4,9,1,3,7,42,199,5,13,0,10,12,19,0,3,18,2,5,0,691,0.059231702
005NER06,0,60,0,0,0,0,0,0,0,0,0,0,0,0,0,43,0,40,0,0,0,0,0,0,0,0,0,0,0,0,0,180,0,0,0,0,0,323,0.027687178
005NEU01,57,9,0,9,20,4,63,19,57,186,6,6,37,0,11,61,13,4,21,10,2,10,6,16,5,37,50,22,245,3,17,0,9,18,2,17,0,1052,0.090176195
005NEU09,111,69,74,18,117,0,0,53,87,97,60,60,61,28,18,33,17,82,68,198,72,48,145,32,21,62,42,0,18,62,51,3,30,210,1,27,0,2075,0.177866544
005NEU12,0,0,0,0,0,0,0,0,0,0,0,0,0,0,0,0,0,0,0,0,0,7,0,0,0,0,0,0,1,1,2,0,2,4,0,2,0,19,0.001628658
005NEV02,0,0,0,0,0,0,0,0,0,0,0,0,0,0,0,0,0,0,0,1,0,0,0,0,0,0,0,0,0,0,0,0,0,0,0,0,0,1,8.57188E-05
005NEW01,4,25,0,2,2,0,0,5,1,1,1,1,9,1,1,0,10,3,3,6,0,5,4,10,2,3,14,0,5,5,12,0,6,15,0,8,0,164,0.014057886
005NEX01,124,175,59,192,172,80,93,148,183,137,246,308,246,96,107,184,147,185,179,229,70,189,157,221,140,195,285,57,134,266,294,97,136,280,35,101,0,5947,0.509769802
005NGE01,0,0,0,0,0,0,0,0,0,0,0,0,0,0,0,0,0,0,0,0,0,0,0,0,0,0,0,0,0,8,8,0,0,0,0,0,0,16,0.001371501
005NIF06,12,17,44,19,33,3,0,1,6,22,19,107,28,2,7,63,33,8,61,30,21,10,16,19,28,5,10,0,11,30,23,1,75,58,0,19,0,841,0.072089525
005NIL01,32,77,41,78,107,61,6,19,72,33,65,115,105,40,29,97,65,74,51,36,75,74,22,44,90,39,50,96,85,40,138,43,113,132,69,49,0,2362,0.202467845
005NIM02,36,72,0,36,108,0,0,31,20,30,26,28,60,0,22,30,42,12,20,24,0,12,12,16,0,21,61,0,20,19,40,0,8,16,0,8,0,830,0.071146618
005NIN06,0,0,0,0,0,0,0,0,0,0,0,0,0,0,0,0,0,0,0,0,0,0,0,0,0,0,0,0,1,0,0,0,0,0,0,0,0,1,8.57188E-05
005NIT02,0,0,0,25,0,25,0,25,50,0,25,25,75,0,0,50,25,0,0,25,0,25,25,50,25,50,25,0,25,0,0,0,0,0,0,25,0,600,0.05143129
005NOG01,20,16,9,14,57,6,2,31,32,9,20,27,36,4,13,24,20,17,17,42,9,17,19,37,1,34,31,4,19,30,33,20,27,31,5,46,0,779,0.066774958
005NOK01,0,0,0,0,0,0,0,0,0,0,0,0,0,0,0,0,0,0,1,2,0,1,1,2,6,0,0,0,0,0,0,0,0,0,0,0,0,13,0.001114345
005NOO05,0,0,0,0,9,3,11,13,7,3,6,7,14,0,5,2,1,0,0,0,0,0,0,14,0,11,17,0,2,1,10,0,5,4,1,4,0,150,0.012857822
005NOR07,285,424,180,266,559,132,131,334,311,299,202,411,405,61,294,340,275,253,314,412,216,202,352,516,111,228,459,98,297,414,409,157,293,463,77,322,0,10502,0.900219012
005NOR12,0,0,0,0,0,0,0,0,0,0,0,0,0,0,0,0,0,0,0,0,0,2,1,2,0,0,0,0,0,0,0,0,0,0,0,0,0,5,0.000428594
005NOT02,1,2,0,1,3,0,0,1,1,1,1,1,10,0,0,0,0,0,0,0,0,0,0,0,0,0,0,0,0,0,0,0,0,0,0,0,0,22,0.001885814
005NOV02,106,270,121,199,377,332,183,164,346,226,469,406,328,92,168,207,187,373,242,252,230,228,238,202,194,139,187,217,356,271,238,143,247,357,198,165,0,8658,0.742153514
005NOV10,19,19,11,16,5,12,22,30,10,28,21,8,29,26,18,9,12,17,18,21,28,15,24,18,11,18,21,18,9,30,20,13,12,17,20,27,0,652,0.055888668
005NUR01,0,0,0,0,0,0,0,0,0,0,0,0,0,0,0,0,0,0,0,0,0,0,0,0,0,0,1,1,8,0,0,0,0,0,0,0,0,10,0.000857188
005NYS03,8,52,67,24,32,10,30,23,30,9,24,19,28,5,5,15,21,14,5,0,14,44,24,23,60,6,21,15,25,30,15,5,0,19,5,8,0,735,0.06300333
005OFE01,0,0,0,0,0,0,0,0,0,0,0,0,0,0,0,0,0,0,0,0,0,0,3,4,0,4,4,0,2,57,7,0,2,4,0,0,0,87,0.007457537
005OFL02,1,0,1,1,0,0,0,2,2,0,0,1,0,0,1,2,0,0,1,0,2,3,1,2,2,0,0,0,0,2,1,0,0,0,4,0,0,29,0.002485846
005OKE01,0,0,0,0,0,0,0,0,0,0,0,1,0,0,0,0,0,0,0,0,0,0,0,0,0,0,0,0,1,0,0,0,0,0,0,0,0,2,0.000171438
005OKM01,14,4,5,6,14,6,1,9,7,11,10,10,9,0,6,5,5,6,9,8,0,15,0,8,0,8,10,2,8,8,9,0,14,4,2,5,0,238,0.020401078
005OLM02,7,8,0,5,14,7,1,7,8,4,7,7,22,1,0,16,15,16,6,11,4,6,5,15,9,6,15,0,5,18,4,14,2,5,3,7,0,280,0.024001269
005OLM03,0,0,0,0,0,0,0,0,1,1,0,0,0,0,0,0,0,0,0,0,0,0,0,0,0,0,0,0,0,0,0,0,0,1,0,1,0,4,0.000342875
005OLS01,2,7,13,10,9,2,0,7,13,13,2,3,16,0,4,8,7,2,1,9,2,10,0,14,6,3,11,8,2,20,30,0,3,10,0,6,0,253,0.021686861
005OMA01,0,0,0,0,0,0,0,0,0,0,0,0,0,0,0,0,0,0,0,0,0,0,0,0,0,0,0,0,0,4,8,0,2,4,0,0,0,18,0.001542939
005OMN02,0,0,0,0,0,0,0,0,0,0,0,0,0,0,0,0,20,0,0,0,0,0,0,0,0,0,0,0,0,0,0,0,0,0,0,0,0,20,0.001714376
005ONC02,0,0,0,0,0,1,0,0,0,0,0,0,0,0,0,0,0,0,0,0,0,0,0,0,0,0,0,0,0,0,0,0,0,0,0,0,0,1,8.57188E-05
005ONG03,0,0,0,0,0,0,0,0,0,0,0,0,0,0,0,0,0,0,0,0,0,0,0,0,0,0,0,0,0,0,0,0,0,0,0,0,0,0,0
005ONS01,1,1,0,3,1,1,0,1,4,0,0,0,0,0,0,2,0,2,1,2,2,0,0,0,0,0,1,0,0,0,2,0,0,2,0,0,0,26,0.002228689
005OPS01,0,0,0,0,0,0,0,0,0,0,0,0,0,0,0,0,0,0,0,0,0,0,0,0,0,0,0,0,0,0,0,0,0,0,0,0,0,0,0
005OPT04,0,0,0,0,0,20,0,0,0,0,0,0,0,0,0,0,0,0,0,0,0,0,0,0,0,0,0,0,0,0,0,0,0,0,0,0,0,20,0.001714376
005ORA06,4,6,8,4,6,3,12,6,4,2,8,2,9,3,7,4,8,6,7,5,12,8,10,8,3,11,2,5,9,4,9,6,4,8,1,4,0,218,0.018686702
005OSE02,0,0,1,0,0,0,0,0,0,0,0,0,0,0,0,0,0,0,0,0,0,0,0,0,0,0,0,0,0,0,0,0,0,0,0,0,0,1,8.57188E-05
005OXY07,28,28,32,28,84,48,0,0,63,30,0,56,36,8,0,40,14,0,14,76,0,0,28,20,72,0,14,0,20,56,14,0,0,56,0,0,0,865,0.074146776
005OXY08,280,138,64,40,112,20,0,0,70,60,240,228,0,84,0,144,0,54,340,162,40,100,56,40,72,180,42,0,0,112,16,0,78,84,84,60,0,3000,0.25715645
005OXY09,42,0,0,0,56,0,0,0,74,0,82,80,138,42,0,0,0,0,114,0,0,0,0,0,0,20,0,0,0,40,0,20,28,42,42,40,0,860,0.073718182
005OZE01,0,1,0,0,0,0,0,0,1,0,0,0,1,0,0,0,0,0,0,0,0,0,0,0,0,0,0,0,0,0,0,0,0,0,0,0,0,3,0.000257156
005PAC01,5,13,7,2,17,3,1,6,2,14,13,13,18,3,2,3,5,7,9,7,0,8,1,15,0,4,6,1,11,13,18,3,9,6,3,0,0,248,0.021258267
005PAI01,0,0,0,14,0,80,0,0,0,0,120,0,0,15,0,0,0,84,42,18,0,0,14,0,0,0,0,0,0,0,0,0,0,24,20,10,0,441,0.037801998
005PAM02,0,0,0,0,0,0,0,0,0,0,0,0,0,0,0,0,0,2,0,0,0,0,0,0,0,0,0,0,0,0,0,0,0,0,0,1,0,3,0.000257156
005PAN08,269,320,224,171,381,126,60,147,245,277,177,257,223,146,113,180,210,217,273,272,45,228,242,425,139,258,310,92,282,178,278,136,119,284,39,218,0,7561,0.648119972
005PAN09,217,399,44,220,776,72,46,230,255,241,253,301,536,48,234,241,242,246,260,502,31,230,272,543,36,271,576,24,173,288,558,30,243,518,32,242,0,9430,0.80832844
005PAR08,4,8,12,29,3,0,0,1,8,18,18,27,6,0,2,3,4,4,3,6,0,10,1,6,18,1,6,0,3,3,6,0,18,32,0,1,0,261,0.022372611
005PHA08,0,0,0,0,0,0,0,0,0,0,0,0,0,0,0,0,0,0,0,0,0,0,0,0,0,0,0,0,0,0,0,0,0,3,0,8,0,11,0.000942907
005PHE04,0,8,0,4,12,0,0,4,32,0,0,0,0,0,0,0,0,0,0,0,0,0,0,0,0,0,0,0,0,0,0,0,2,0,0,0,0,62,0.005314567
005PHE09,0,0,3,0,1,1,0,2,0,0,1,0,2,0,1,1,1,1,2,1,0,0,0,1,0,1,1,1,2,2,2,0,1,1,0,0,0,29,0.002485846
005PHE10,0,0,0,0,0,0,0,0,0,0,1,0,0,0,0,0,0,1,1,0,0,0,0,0,0,0,0,0,0,0,0,0,1,0,0,0,0,4,0.000342875
005PIL04,0,0,0,0,0,0,0,0,0,0,0,0,0,0,0,0,0,0,0,0,0,0,0,0,0,0,0,0,0,0,0,0,0,0,0,0,0,0,0
005PIP04,194,391,51,208,749,53,10,139,194,228,253,225,497,0,173,202,156,164,206,412,3,151,183,320,30,178,390,12,137,172,353,33,168,448,3,172,0,7258,0.622147171
005PIT07,2,3,6,2,6,0,0,2,8,1,1,7,2,0,1,1,2,2,7,0,0,0,0,0,0,6,0,0,1,1,2,0,0,0,0,0,0,63,0.005400285
005PLA07,186,207,114,159,288,84,51,131,176,198,190,164,259,42,122,182,226,145,216,237,42,110,140,209,97,166,203,26,142,102,256,38,111,191,48,122,0,5380,0.461167233
005PLE01,3,0,2,4,1,0,4,5,0,1,5,3,0,0,1,0,1,1,3,0,0,1,1,4,0,1,0,0,1,4,6,1,2,0,2,2,0,59,0.00505741
005PLE04,4,8,0,3,6,0,0,2,2,1,15,1,2,0,1,5,0,0,0,0,0,1,1,1,4,0,0,0,0,0,0,12,0,4,0,0,0,73,0.006257474
005PLE06,93,38,26,34,63,27,1,18,15,50,26,25,38,9,15,13,27,12,31,31,2,18,41,28,2,14,36,1,19,53,91,0,73,22,1,12,0,1005,0.086147411
005POM02,1,1,0,1,1,0,0,0,0,12,0,0,0,0,0,0,0,0,0,0,0,0,0,0,0,0,0,0,0,7,0,0,0,0,0,0,0,23,0.001971533
005POS05,31,6,0,9,18,0,0,3,3,3,3,3,6,0,3,6,6,6,6,12,0,6,3,0,0,0,0,0,0,0,0,0,0,0,0,0,0,133,0.011400603
005POT07,256,326,114,349,544,170,135,181,134,262,264,226,497,165,114,133,248,230,215,400,168,195,257,380,260,239,377,179,122,238,517,256,267,453,167,141,0,9179,0.786813017
005PRA07,3,8,3,14,21,0,0,7,14,7,28,5,9,0,3,4,7,11,5,14,0,5,12,10,3,15,23,0,21,4,19,4,10,12,0,4,0,305,0.026144239
005PRA08,0,0,0,0,0,0,0,0,0,0,0,0,0,0,0,0,0,0,0,0,0,0,0,0,6,0,0,0,0,0,0,0,0,0,0,0,0,6,0.000514313
005PRE28,475,305,371,410,523,157,129,257,423,336,309,528,583,33,200,286,331,395,535,457,227,176,452,565,185,437,752,11,226,607,526,160,396,396,122,277,0,12558,1.076456898
005PRE30,0,0,0,0,0,0,0,0,0,0,0,0,0,0,0,0,0,0,0,0,0,0,0,1,0,0,0,0,0,0,1,0,0,0,0,0,0,2,0.000171438
005PRI01,83,204,17,94,284,30,15,99,91,116,116,122,198,13,80,82,78,73,129,211,13,107,95,175,29,122,184,27,88,102,178,13,133,232,23,157,0,3813,0.326845848
005PRI11,0,12,0,0,0,6,10,6,14,8,16,24,20,24,22,12,16,12,18,40,50,30,26,34,8,44,54,12,26,30,18,38,44,36,12,30,0,752,0.06446055
005PRO27,2,4,0,29,3,0,0,1,1,2,2,3,6,0,3,3,3,3,4,24,0,3,3,6,0,5,10,0,19,3,4,0,2,4,0,2,0,154,0.013200698
005PRO29,0,0,0,0,0,0,0,0,0,0,0,0,0,0,0,0,0,0,0,0,0,0,0,0,0,0,0,0,0,0,0,0,0,0,0,0,0,0,0
005PRO35,26,64,21,48,81,0,2,10,13,10,14,33,26,0,9,20,64,30,38,196,8,12,24,55,80,18,37,0,7,53,33,6,3,12,0,26,0,1079,0.092490603
005PRO39,13,28,2,20,24,0,0,7,7,6,9,23,75,1,11,10,14,18,27,53,2,12,16,29,20,21,21,0,15,14,19,4,13,21,0,10,0,565,0.048431131
005PRO41,97,348,1,119,305,44,26,114,165,211,141,240,264,73,121,168,257,214,213,271,98,203,118,234,126,214,226,3,162,84,334,22,102,298,0,306,0,5922,0.507626832
005PRO50,0,0,0,0,0,0,0,0,1,0,1,0,0,0,1,0,0,0,0,0,0,0,0,0,0,0,0,0,0,0,0,0,0,0,0,0,0,3,0.000257156
005PRO53,207,222,23,434,560,0,38,134,134,161,123,648,167,4,168,190,194,324,347,220,22,205,110,316,35,585,226,14,179,188,409,29,141,297,17,158,0,7229,0.619661325
005PUL04,4,11,2,4,29,0,2,5,3,4,4,6,15,0,7,9,4,6,6,14,0,10,6,10,0,2,6,0,2,2,4,0,2,7,0,0,0,186,0.0159437
005PUR05,0,0,14,0,0,0,0,0,0,0,0,0,0,0,0,0,0,0,0,0,0,0,0,0,0,0,0,0,0,0,10,0,0,0,0,0,0,24,0.002057252
005QTE01,11,18,10,12,16,0,2,0,21,19,5,29,25,0,5,6,2,2,2,4,1,3,5,7,39,5,14,0,3,43,10,0,24,77,2,18,0,440,0.037716279
005QUE02,4,7,0,11,32,0,0,2,2,5,2,31,6,0,3,3,3,19,9,10,0,6,2,4,0,32,8,0,4,4,8,0,4,8,0,4,0,233,0.019972484
005RAD02,2,0,0,0,0,0,0,2,2,2,2,2,4,0,2,2,4,2,2,4,0,0,2,4,0,2,2,0,0,0,0,0,0,0,0,4,0,46,0.003943066
005RAK01,8,7,1,4,14,0,0,1,1,1,1,2,5,1,2,3,3,8,2,2,0,2,2,2,0,2,2,0,1,2,2,1,3,3,0,1,0,89,0.007628975
005RAS01,198,354,38,102,535,75,94,231,146,228,240,165,384,40,188,135,169,172,187,336,47,212,238,511,77,205,596,66,156,175,320,69,130,317,104,45,0,7285,0.624461579
005REB04,0,0,0,0,0,0,0,0,0,0,0,6,0,0,0,0,0,0,0,0,0,1,0,0,0,0,0,0,0,0,0,0,0,0,0,0,0,7,0.000600032
005REC04,8,12,4,8,24,0,0,8,4,0,0,0,0,0,0,0,0,0,0,0,0,0,0,0,0,4,8,0,0,0,0,0,0,0,0,0,0,80,0.006857505
005REG02,47,126,64,34,148,30,25,36,62,99,86,87,114,40,39,93,108,131,63,124,46,59,107,202,48,106,85,2,74,89,133,0,62,90,18,26,0,2703,0.231697961
005REM08,0,1,0,0,0,0,5,4,3,0,0,0,0,0,0,0,0,0,0,0,0,0,0,0,4,0,0,0,0,0,0,0,0,0,0,0,0,17,0.00145722
005REM09,0,0,0,0,0,0,0,0,3,1,1,1,0,0,0,0,0,0,0,0,0,0,0,0,0,0,0,0,0,0,0,0,0,0,0,0,0,6,0.000514313
005REP05,32,25,134,18,95,18,0,52,153,48,31,27,134,0,58,98,52,43,181,135,18,25,28,91,62,38,74,0,25,17,52,0,16,64,3,92,0,1939,0.166208785
005REQ01,10,4,0,2,14,0,0,0,0,0,11,4,8,30,3,3,5,5,32,33,1,2,8,0,0,0,0,0,4,5,4,0,5,50,0,0,0,243,0.020829672
005REQ03,1,2,0,1,3,0,0,1,1,1,1,1,2,0,1,2,8,1,1,2,0,1,1,2,0,1,2,0,1,0,0,0,0,0,0,0,0,37,0.003171596
005REQ04,0,0,0,7,0,0,0,0,0,0,0,7,0,0,0,0,0,0,6,0,0,1,0,0,0,7,0,0,0,0,0,0,0,0,0,0,0,28,0.002400127
005REV03,30,57,5,33,109,0,5,31,38,108,48,21,45,0,42,18,26,33,32,133,2,25,42,51,48,33,50,15,27,14,44,0,39,102,1,14,0,1321,0.113234557
005REV05,0,0,0,0,0,0,0,0,0,15,0,0,0,0,0,0,0,0,0,0,0,0,0,0,0,0,0,0,0,0,0,0,0,0,0,0,0,15,0.001285782
005REX01,32,30,1,51,111,0,0,26,17,21,18,93,29,0,12,26,21,48,61,21,1,22,18,32,4,93,16,0,11,18,23,0,22,22,2,13,0,915,0.078432717
005REX02,6,6,0,3,11,0,0,4,5,26,7,28,13,1,6,6,20,5,15,8,3,29,18,7,0,16,3,0,3,3,20,2,5,125,2,4,0,410,0.035144715
005RHI01,6,20,0,6,18,0,0,0,0,0,42,0,0,0,0,6,4,19,1,2,52,7,8,15,4,10,23,0,1,50,22,1,27,16,0,6,0,366,0.031373087
005RHO01,0,0,0,0,0,0,0,0,0,0,0,0,0,0,0,0,0,0,0,0,0,1,0,0,0,0,0,0,0,0,0,0,0,0,0,0,0,1,8.57188E-05
005RIF08,1,3,0,0,6,0,0,2,2,2,2,2,4,14,0,0,0,0,0,0,0,0,0,0,0,0,0,0,0,0,0,0,0,0,0,0,0,38,0.003257315
005RIL01,0,4,0,2,6,0,0,2,2,2,2,2,0,0,0,0,1,0,31,4,0,2,2,4,0,2,4,0,42,0,0,0,0,0,0,1,0,115,0.009857664
005RIN08,85,86,45,71,158,50,17,96,72,74,96,88,95,19,92,93,94,88,120,130,21,102,89,104,20,155,83,20,92,88,128,10,82,96,18,104,0,2881,0.246955911
005RIN11,2,4,0,0,0,0,0,0,0,0,0,0,0,0,0,0,0,0,0,0,0,2,2,4,0,14,0,0,0,0,0,0,0,0,0,0,0,28,0.002400127
005RIN12,0,0,0,0,0,0,0,0,0,0,0,1,0,0,0,0,0,0,0,0,0,0,29,0,0,28,0,0,0,0,0,0,0,0,0,0,0,58,0.004971691
005RIS01,32,11,0,77,53,5,0,10,12,13,14,116,19,0,11,10,16,38,69,38,1,25,11,20,0,119,27,1,15,16,62,0,16,22,0,13,0,892,0.076461184
005RIS02,0,0,0,0,1,0,0,0,0,0,0,0,1,0,0,0,0,3,0,0,0,0,0,0,0,0,0,0,1,0,3,0,2,0,0,0,0,11,0.000942907
005RIS06,0,2,1,1,0,0,0,1,1,1,1,1,2,0,1,7,0,0,0,0,0,0,0,0,0,1,1,0,1,1,1,0,0,0,0,0,0,24,0.002057252
005RIT01,0,0,0,0,0,0,0,0,0,0,0,0,0,0,0,0,0,0,0,0,0,0,0,42,0,0,0,0,0,0,0,0,0,0,0,0,0,42,0.00360019
005RIV01,146,150,9,184,437,5,4,97,114,82,123,414,152,1,139,97,108,329,246,150,160,171,140,187,29,413,193,0,127,124,205,18,108,191,24,121,0,5198,0.445566409
005RIV03,0,0,0,0,0,0,0,0,0,0,0,0,0,0,1,0,0,0,0,0,0,0,0,0,0,0,0,0,0,0,0,0,0,0,0,0,0,1,8.57188E-05
005RIZ01,0,0,0,0,0,1,1,0,0,1,0,0,8,0,0,8,0,0,2,0,0,1,1,2,0,0,2,1,0,0,0,0,0,6,0,0,0,34,0.00291444
005ROL02,2,6,5,9,2,3,2,8,6,3,13,9,1,10,9,10,18,15,9,6,5,10,6,16,6,15,12,24,10,26,18,18,21,21,16,13,0,383,0.032830307
005ROM03,0,0,0,0,0,0,0,0,0,0,0,0,0,0,0,0,0,2,0,0,0,0,0,0,0,0,1,0,0,0,0,0,0,0,0,0,0,3,0.000257156
005ROS03,164,135,96,92,268,38,45,150,223,198,115,149,245,33,142,217,169,143,172,189,48,95,120,267,94,87,148,31,153,145,191,46,148,277,13,96,0,4942,0.423622391
005ROS04,43,98,101,125,349,45,96,59,117,256,156,396,208,45,102,217,152,220,171,215,51,222,134,183,176,155,189,66,218,177,299,112,146,259,173,133,0,5864,0.50265514
005ROT03,17,5,1,4,15,3,0,11,5,3,8,4,7,0,4,5,10,4,11,5,28,2,2,6,0,5,8,0,3,9,8,0,4,16,1,7,0,221,0.018943858
005ROT04,1,2,1,3,9,7,21,1,0,1,2,2,4,0,2,2,3,20,29,2,0,2,8,2,0,23,4,0,2,2,5,6,14,2,0,1,0,183,0.015686543
005ROW01,34,58,0,35,51,0,1,7,8,15,12,59,25,14,6,3,27,7,6,27,0,4,8,22,1,29,6,0,2,33,6,5,6,27,0,1,0,545,0.046716755
005ROZ03,0,0,0,0,0,0,0,0,0,0,0,0,0,0,0,0,0,0,0,0,0,0,0,0,0,0,0,0,0,0,0,0,0,0,0,0,0,0,0
005RYB01,0,0,0,0,0,0,0,0,0,0,0,0,0,0,0,0,0,0,0,0,0,0,0,0,0,0,0,0,1,1,2,0,1,2,0,1,0,8,0.000685751
005RYB03,0,0,0,0,0,0,0,0,0,0,0,0,0,0,0,0,0,0,0,0,0,0,0,0,0,0,0,0,0,0,0,0,0,0,0,0,0,0,0
005RYB04,2,0,8,4,0,0,0,8,0,3,3,1,0,1,5,0,0,0,0,0,0,0,5,0,0,6,0,0,1,10,0,0,3,0,0,11,0,71,0.006086036
005RYD01,6,12,0,6,18,0,0,6,32,4,4,2,2,0,1,1,1,1,1,2,0,7,25,8,0,4,8,0,4,4,8,0,4,6,0,0,0,177,0.015172231
005RYT03,13,41,22,69,45,0,18,15,33,23,14,66,23,0,10,12,12,10,11,24,13,12,9,32,29,11,22,0,10,64,22,28,11,19,0,9,0,752,0.06446055
005SAB04,28,36,13,22,85,6,0,25,43,31,36,29,59,7,27,22,27,17,16,34,0,26,34,75,7,40,66,0,15,30,62,7,44,89,3,37,0,1098,0.094119261
005SAI03,0,0,30,0,0,0,0,0,0,0,0,0,0,0,0,0,0,0,0,0,0,0,0,0,0,0,0,0,0,0,20,0,0,0,0,0,0,50,0.004285941
005SAL05,0,42,0,0,0,6,0,7,6,6,6,6,59,0,3,61,1,1,1,8,28,1,1,1,1,1,2,3,4,4,8,0,4,4,0,2,0,277,0.023744112
005SAL09,2,4,0,30,6,0,0,2,2,2,8,212,4,0,2,2,2,2,2,20,0,3,6,12,60,3,6,0,4,3,6,0,3,169,0,7,0,584,0.050059789
005SAM01,0,0,0,0,0,0,0,0,0,0,0,0,0,0,1,0,0,0,0,0,0,0,0,0,0,0,0,0,0,0,0,0,0,0,0,0,0,1,8.57188E-05
005SAN01,0,0,0,0,0,0,0,0,1,0,1,0,0,0,0,0,1,0,0,0,0,0,0,0,0,1,0,0,0,0,1,0,0,0,0,0,0,5,0.000428594
005SAN02,0,0,0,0,0,0,0,0,0,0,0,0,0,0,0,0,0,0,0,0,0,0,0,0,0,0,0,0,0,0,0,0,1,1,3,1,0,6,0.000514313
005SAN07,0,0,0,0,0,0,0,0,0,0,0,0,0,0,0,0,0,0,1,0,0,0,0,0,0,1,0,0,0,0,0,0,0,0,0,0,0,2,0.000171438
005SAP01,0,0,0,0,0,0,0,0,0,0,0,0,0,1,0,0,0,0,0,0,0,0,0,0,0,0,0,0,0,0,1,0,0,0,0,0,0,2,0.000171438
005SCE02,0,0,0,0,0,0,0,0,0,0,0,0,0,0,0,0,0,0,0,0,0,0,0,0,0,120,0,0,0,0,0,0,0,0,0,120,0,240,0.020572516
005SCE03,0,0,0,0,0,0,0,0,0,0,0,0,0,0,0,0,0,0,0,0,0,0,0,0,0,0,0,0,0,0,0,0,0,0,0,1,0,1,8.57188E-05
005SCR01,41,163,35,12,133,109,12,44,74,13,30,25,108,1,77,39,16,44,45,50,3,130,22,123,38,62,172,1,130,42,130,0,97,166,28,55,0,2270,0.194581714
005SEB01,0,0,0,0,0,0,0,0,0,0,0,0,0,0,0,0,0,0,0,0,0,0,0,0,0,0,0,0,0,0,0,0,0,0,0,0,0,0,0
005SEC03,0,1,1,0,0,1,2,2,0,1,1,0,0,0,1,0,0,0,0,1,0,0,0,0,0,0,0,0,0,0,0,0,0,0,1,1,0,13,0.001114345
005SEM01,9,63,0,18,81,38,0,8,11,15,51,34,18,0,10,10,10,46,17,22,0,9,7,18,14,21,17,0,13,23,86,0,7,60,1,26,0,763,0.065403457
005SER12,20,5,0,10,38,0,0,4,4,5,4,40,7,0,4,2,2,26,8,3,0,7,2,9,0,39,8,0,17,9,5,0,4,11,1,4,0,298,0.025544207
005SER14,43,32,2,115,131,1,1,26,25,45,37,195,77,0,44,36,45,88,127,44,0,59,71,85,30,206,45,0,48,32,56,1,37,38,0,33,0,1855,0.159008405
005SER15,97,177,4,217,352,22,4,164,74,109,94,253,190,42,118,128,120,187,216,219,8,163,102,226,36,277,251,33,185,119,188,12,167,176,31,131,0,4892,0.419336451
005SER17,0,1,2,0,0,0,0,0,0,0,0,0,0,0,0,0,0,0,1,0,0,0,0,0,0,0,0,0,0,0,0,0,0,0,0,0,0,4,0.000342875
005SET02,8,0,0,6,1,5,0,0,0,0,2,3,0,0,3,3,11,17,2,4,0,2,1,2,8,0,15,0,13,0,2,0,4,6,0,3,0,121,0.010371977
005SET04,1,8,14,15,29,17,5,0,4,11,22,12,2,3,1,21,12,13,5,6,5,16,2,18,7,10,10,0,18,10,33,9,19,19,5,7,0,389,0.03334462
005SEV04,30,43,44,43,60,0,41,59,18,25,53,76,54,21,32,10,14,39,46,44,46,54,32,54,23,24,64,1,32,65,97,5,41,48,3,39,0,1380,0.118291967
005SEV05,2,27,14,0,3,0,1,17,8,13,7,3,9,1,6,11,7,22,22,16,1,8,24,21,2,8,39,1,7,8,15,0,1,44,0,3,0,371,0.031801681
005SHE03,32,44,9,61,81,28,4,33,40,17,22,20,52,0,42,18,45,33,34,34,11,11,13,24,3,6,28,15,11,17,50,0,40,35,0,61,0,974,0.083490127
005SHI07,0,0,0,0,1,0,0,0,0,0,0,0,0,0,0,0,0,1,0,0,0,0,0,0,0,0,0,0,0,1,0,0,0,0,0,0,0,3,0.000257156
005SIG01,47,85,30,27,92,42,4,41,63,40,65,48,206,4,23,110,55,23,23,62,2,33,38,70,33,122,60,4,86,84,86,57,64,121,43,35,0,2028,0.17383776
005SIL09,235,136,7,96,247,0,16,118,154,113,57,171,179,1,56,53,59,160,94,140,5,109,67,121,84,172,83,0,80,52,75,3,47,125,2,70,0,3187,0.273185868
005SIL17,0,0,1,0,1,2,1,1,0,0,1,0,0,0,0,1,0,0,2,1,1,0,0,1,0,1,0,0,0,1,2,2,0,1,0,0,0,20,0.001714376
005SIM04,0,1,1,0,0,0,0,0,0,2,0,0,0,0,0,0,0,1,0,0,0,0,0,0,0,0,1,0,1,0,0,0,0,1,1,0,0,9,0.000771469
005SIM06,0,0,0,0,0,0,0,0,1,0,1,0,0,0,0,0,0,0,0,0,0,1,0,0,0,0,0,0,0,0,0,0,0,0,0,0,0,3,0.000257156
005SIN08,87,131,65,116,186,96,16,72,92,75,138,160,73,50,157,122,33,71,89,74,91,51,94,189,131,106,66,0,116,139,133,109,203,137,8,106,0,3582,0.307044801
005SIN10,5,9,10,1,6,0,0,1,3,1,2,3,11,21,31,1,2,3,18,4,0,7,92,2,1,2,2,0,1,1,2,0,1,2,1,2,0,248,0.021258267
005SIN11,70,114,22,52,205,12,0,46,54,39,61,61,130,14,66,78,85,77,76,156,8,84,85,158,18,82,174,2,74,79,114,18,83,174,8,69,0,2648,0.226983426
005SIR02,87,185,11,95,304,15,7,69,78,90,91,110,230,6,94,97,95,105,103,237,1,90,108,178,10,83,204,4,69,80,155,10,74,158,4,75,0,3412,0.292472602
005SKY03,0,0,0,0,0,0,0,0,0,0,0,0,0,0,0,0,0,0,0,0,0,0,0,1,0,0,0,0,0,0,0,0,0,0,0,0,0,1,8.57188E-05
005SLA01,176,152,26,73,259,19,16,124,199,195,126,93,213,18,91,133,85,111,132,199,34,121,116,236,76,111,189,52,161,125,216,89,177,264,23,117,0,4547,0.389763459
005SME01,118,214,27,198,554,145,36,177,124,178,205,203,363,29,103,147,154,218,203,304,124,158,156,331,32,279,257,29,170,130,294,88,98,328,27,28,0,6229,0.533942508
005SMI01,14,13,0,6,28,2,0,13,9,14,42,9,17,0,9,7,10,66,31,19,1,26,7,19,14,7,16,0,13,13,34,0,20,24,1,18,0,522,0.044745222
005SMO08,14,0,0,0,7,0,0,7,0,0,0,14,0,0,14,0,0,0,0,0,0,0,0,0,0,0,0,0,0,0,0,0,0,0,0,0,0,56,0.004800254
005SMO09,0,0,0,0,0,0,0,0,0,0,0,7,0,0,7,0,0,0,7,0,0,0,0,7,0,0,0,0,0,0,0,0,0,0,0,0,0,28,0.002400127
005SOD08,21,34,1,9,21,11,10,16,17,4,18,14,18,20,4,29,16,12,9,3,11,15,13,14,7,28,19,38,28,27,23,8,13,37,33,28,0,629,0.053917136
005SOD24,0,0,0,0,0,0,0,0,0,0,5,6,13,3,7,3,8,4,5,2,2,1,1,2,3,1,3,3,10,7,7,2,4,2,6,1,0,111,0.009514789
005SOD41,58,134,117,7,94,18,0,53,45,40,32,77,94,2,70,81,77,78,59,152,192,40,65,106,21,35,164,0,84,176,194,10,50,113,1,104,0,2643,0.226554832
005SOF03,5,13,20,3,21,8,6,9,3,6,9,5,14,3,30,17,14,12,8,9,8,14,12,8,8,11,19,3,6,12,20,9,25,12,27,5,0,414,0.03548759
005SOF04,0,0,0,0,0,0,0,0,0,0,0,0,0,0,0,0,0,0,0,0,0,0,0,0,0,1,0,0,0,0,0,0,0,0,0,0,0,1,8.57188E-05
005SOL11,30,18,0,94,30,0,0,10,9,9,9,86,16,0,8,8,8,10,90,19,0,63,6,15,0,94,13,0,40,2,4,2,5,10,0,41,0,749,0.064203394
005SOM02,0,0,0,0,0,0,0,0,0,0,0,0,0,0,0,0,0,0,0,0,1,0,0,0,0,0,0,0,0,0,0,0,0,0,0,0,0,1,8.57188E-05
005SOR04,0,0,0,0,0,0,0,1,0,2,1,1,4,2,1,0,1,0,0,0,0,0,0,1,0,2,3,1,4,1,1,3,0,1,0,0,0,30,0.002571564
005SPI04,0,1,0,0,1,0,0,0,0,0,2,1,0,0,0,0,0,0,0,0,0,1,0,0,0,1,2,0,1,0,0,0,0,1,0,0,0,11,0.000942907
005SPR02,1,2,0,28,0,0,0,0,0,0,0,0,0,0,0,0,0,0,0,0,0,0,0,0,0,0,0,0,0,0,0,0,1,2,0,0,0,34,0.00291444
005STA05,111,154,107,125,219,51,70,110,130,125,108,109,58,80,101,120,156,169,97,71,69,101,126,127,61,83,65,56,112,175,220,53,55,80,73,139,0,3866,0.331388945
005STA06,6,12,2,6,18,0,0,3,3,3,6,6,6,0,6,7,13,7,7,23,3,23,5,6,46,5,10,0,8,9,63,0,4,9,2,4,0,331,0.028372928
005STA08,0,0,0,0,0,0,0,0,0,0,0,0,0,0,0,0,0,0,0,0,0,0,0,0,0,0,0,0,0,4,0,0,0,0,0,0,0,4,0.000342875
005STA09,91,70,67,35,88,13,8,61,87,47,43,75,130,7,69,68,60,108,157,157,6,183,59,204,94,52,118,9,49,45,92,31,66,115,8,75,0,2647,0.226897707
005STE08,0,0,0,0,1,0,0,0,0,0,0,0,0,0,0,1,0,0,0,0,0,0,0,0,0,0,0,0,0,0,0,0,0,0,0,0,0,2,0.000171438
005STE12,0,0,0,0,0,0,0,0,0,0,0,0,0,0,0,0,0,0,0,0,0,2,0,0,0,0,0,0,0,0,0,0,0,0,0,0,0,2,0.000171438
005STI02,58,83,10,120,163,48,1,72,67,99,49,188,80,0,40,45,81,88,118,121,2,84,54,160,107,152,89,15,99,52,65,2,58,94,1,75,0,2640,0.226297676
005STI06,8,18,7,13,18,0,0,3,3,4,14,5,11,1,44,10,17,30,2,4,1,2,2,14,12,1,4,0,7,2,4,1,3,29,0,3,0,297,0.025458489
005STO03,2,3,6,1,2,1,0,2,4,6,1,6,2,1,3,4,1,4,3,3,2,4,3,13,1,8,2,2,2,1,0,0,8,2,1,3,0,107,0.009171913
005STO04,107,360,334,291,518,233,195,175,306,237,301,300,440,120,192,250,329,280,397,339,136,294,215,353,259,178,230,92,264,271,372,307,271,367,223,122,0,9658,0.82787233
005STR10,0,0,0,4,4,0,0,0,0,9,4,0,0,0,3,18,5,4,4,0,0,4,0,0,4,0,0,0,0,0,0,0,6,0,0,0,0,69,0.005914598
005SUB01,166,384,36,191,572,83,25,116,133,209,262,219,461,36,163,180,208,258,248,494,42,207,182,403,65,137,464,14,116,228,450,35,90,359,34,123,0,7393,0.633719211
005SUC04,0,0,0,0,0,0,0,0,0,0,0,0,0,0,0,0,0,0,0,0,0,0,0,0,0,0,0,0,0,0,0,0,0,0,0,0,0,0,0
005SUL08,0,0,0,0,0,0,0,2,1,1,1,1,2,0,1,2,0,14,2,2,0,1,1,2,0,1,2,0,1,1,4,0,2,4,0,2,0,50,0.004285941
005SUL09,0,0,0,0,0,1,0,0,0,0,0,0,0,0,0,0,0,0,0,2,0,0,0,1,0,0,0,0,0,0,1,0,0,1,0,0,0,6,0.000514313
005SUL15,6,12,0,41,18,0,0,6,6,6,6,41,12,0,27,27,0,0,30,1,0,6,1,1,0,36,1,2,1,1,1,0,1,1,0,0,0,291,0.024944176
005SUL16,0,0,1,1,3,0,0,1,0,0,0,0,0,0,0,0,0,0,0,0,0,0,0,0,0,0,0,0,0,0,0,0,0,0,0,0,0,6,0.000514313
005SUN02,23,20,2,28,21,4,0,8,9,12,15,7,14,0,7,8,8,8,8,16,0,41,5,29,0,2,4,0,2,8,2,0,2,17,0,3,0,333,0.028544366
005SUP07,16,24,0,24,60,0,0,8,4,8,8,8,16,0,8,8,0,8,8,16,0,2,3,24,0,12,24,0,0,5,8,0,4,8,0,2,0,316,0.027087146
005SUZ01,1,3,8,3,9,0,0,18,24,26,3,4,26,0,5,5,4,12,14,19,1,18,7,32,1,26,24,1,3,4,22,0,3,8,0,3,0,337,0.028887241
005SUZ02,11,33,13,16,61,39,0,5,15,9,31,41,16,11,49,42,20,41,23,32,8,36,35,55,7,34,28,0,17,10,24,1,12,40,0,32,0,847,0.072603838
005SYL01,0,0,0,0,0,0,0,0,0,0,0,0,0,0,0,0,0,0,0,0,0,0,0,0,0,0,0,0,0,0,0,0,8,0,0,0,0,8,0.000685751
005SYM01,1,0,0,0,0,1,0,0,0,0,0,0,0,0,0,0,0,0,1,0,0,1,0,0,0,0,0,0,0,3,1,1,0,0,1,0,0,10,0.000857188
005SYM05,1,1,0,0,0,0,0,0,0,1,22,1,2,18,0,0,0,0,0,3,0,1,1,2,0,1,2,0,1,1,2,1,2,23,0,1,0,87,0.007457537
005SYM06,0,0,0,1,0,0,0,1,0,0,0,0,0,0,0,0,0,0,0,0,0,0,0,1,0,1,0,0,0,0,1,0,0,0,0,1,0,6,0.000514313
005SYN10,0,0,0,1,0,0,0,0,0,0,0,0,0,0,0,1,0,0,0,0,0,0,0,0,0,0,0,0,2,0,1,0,0,0,0,0,0,5,0.000428594
005SYN12,35,59,12,117,156,1,20,97,58,46,50,80,97,3,33,34,49,58,47,66,1,64,54,81,6,120,66,0,65,46,105,1,31,89,0,41,0,1888,0.161837126
005SYN14,20,33,1,26,54,8,6,10,14,25,22,26,36,5,21,21,17,18,20,58,5,30,28,52,4,60,63,4,34,33,53,3,39,56,1,28,0,934,0.080061375
005SYS02,0,0,0,0,0,0,0,0,1,0,1,0,0,0,1,0,1,2,1,0,0,0,0,0,0,1,0,0,0,0,0,0,0,1,0,1,0,10,0.000857188
005SYS04,0,0,0,0,0,0,0,0,0,0,0,0,2,0,0,2,2,0,10,11,0,0,0,6,1,2,3,1,1,0,2,1,1,2,1,0,0,48,0.004114503
005TAF01,0,0,0,0,0,0,0,0,0,0,0,0,0,1,0,0,0,0,0,0,0,0,0,0,0,0,0,0,0,0,0,0,0,0,0,0,0,1,8.57188E-05
005TAF02,0,0,0,0,0,1,0,0,0,0,0,0,0,0,0,1,0,0,0,0,0,0,0,0,0,0,0,0,0,0,0,0,0,0,0,0,0,2,0.000171438
005TAG06,21,84,10,1,3,0,1,21,80,23,24,23,38,17,7,30,31,28,16,23,0,31,1,20,34,3,69,0,1,4,58,51,1,38,14,26,0,832,0.071318055
005TAI07,0,0,16,0,28,0,0,8,0,0,0,0,0,0,0,0,0,0,0,0,0,0,0,0,0,10,0,0,0,0,0,0,0,12,0,0,0,74,0.006343192
005TAK02,234,214,111,158,402,81,25,164,231,147,154,143,307,6,127,212,207,256,196,281,53,159,187,339,51,249,263,18,154,552,377,21,235,334,13,195,0,6856,0.587688206
005TAL02,0,0,0,0,0,0,0,0,0,0,0,0,0,0,0,0,0,0,1,2,0,0,0,0,0,0,0,0,0,0,0,0,0,0,0,0,0,3,0.000257156
005TAM12,0,0,0,0,0,0,0,0,0,0,0,0,0,0,0,0,0,0,0,0,0,0,0,0,0,0,0,0,0,0,0,0,0,0,0,0,0,0,0
005TAP02,123,208,21,127,560,61,36,186,195,211,218,215,488,14,233,184,157,149,149,309,48,181,173,249,48,174,405,5,200,250,439,23,167,428,24,230,0,6888,0.590431209
005TAR03,11,22,27,18,66,0,0,15,15,6,5,36,76,9,15,16,27,26,22,32,0,10,24,53,0,31,28,21,23,19,27,24,24,49,6,24,0,807,0.069175085
005TAS02,0,0,2,1,25,0,0,0,0,4,4,4,8,0,4,4,4,4,4,8,0,4,4,8,0,4,8,0,4,4,8,0,4,8,0,4,0,136,0.011657759
005TAT01,88,127,21,91,272,0,13,87,70,99,107,119,275,22,145,135,98,82,76,145,9,69,76,132,6,56,116,7,69,67,123,8,55,142,9,58,0,3074,0.263499642
005TEC02,0,0,2,3,2,0,0,0,3,0,1,2,4,0,1,1,4,1,2,1,0,0,1,3,0,2,0,0,0,1,0,0,3,1,0,0,0,38,0.003257315
005TEC05,0,0,0,0,0,0,0,0,0,0,0,0,0,0,0,0,0,0,0,0,0,0,0,0,0,0,0,1,0,0,0,0,0,0,0,0,0,1,8.57188E-05
005TEC08,0,0,0,1,0,0,0,0,0,0,0,0,0,0,0,0,0,0,0,0,0,0,0,0,0,0,0,0,0,0,0,0,0,0,0,0,0,1,8.57188E-05
005TED01,139,288,135,185,238,72,43,128,128,112,200,113,264,19,99,231,138,190,148,106,18,50,192,144,115,61,222,31,75,193,190,139,85,155,30,70,0,4746,0.406821503
005TEI01,28,32,3,21,45,0,0,21,12,24,36,19,55,0,14,11,24,16,6,12,0,19,12,40,0,26,19,0,4,8,15,12,19,24,0,21,0,598,0.051259852
005TEI03,0,0,0,0,0,0,0,1,1,0,0,0,0,0,1,0,0,0,1,0,0,2,0,0,1,0,0,1,0,0,0,0,0,2,0,0,0,10,0.000857188
005TEI04,29,67,14,11,72,0,0,16,19,18,46,21,30,6,23,10,22,35,23,35,3,28,16,36,1,37,36,4,29,29,38,1,19,34,6,26,0,840,0.072003806
005TEP02,0,0,0,0,0,0,0,0,0,0,0,0,60,0,0,0,0,0,0,0,0,0,0,0,0,0,0,0,0,40,0,0,0,42,0,0,0,142,0.012172072
005TET07,0,0,0,0,0,0,0,0,0,4,24,0,0,0,0,0,0,0,0,0,0,0,0,0,0,0,0,0,0,0,0,0,0,0,0,0,0,28,0.002400127
005TET08,3,9,3,6,2,4,4,3,8,3,4,7,8,10,10,9,6,10,7,4,9,6,15,7,2,11,4,10,1,7,3,6,12,9,6,6,0,234,0.020058203
005TEV01,0,0,0,0,0,0,0,0,0,0,0,2,0,0,0,1,2,0,0,0,0,0,0,0,0,0,0,0,0,0,0,0,0,2,0,0,0,7,0.000600032
005TEZ01,1,0,0,0,0,0,0,0,0,0,0,0,0,0,0,0,0,0,0,0,0,0,0,0,0,0,0,0,0,0,0,0,0,0,0,1,0,2,0.000171438
005THA01,0,0,0,0,2,2,0,50,1,2,3,3,6,0,3,22,2,2,2,4,0,3,22,4,0,2,6,0,3,4,8,10,3,18,0,1,0,188,0.016115138
005THR03,7,13,0,33,34,0,28,15,3,5,5,12,15,1,5,10,3,3,4,7,0,4,8,18,0,17,16,0,5,3,6,0,5,13,0,3,0,301,0.025801364
005THR04,1316,1998,851,1392,2844,713,605,1113,1412,1570,1528,1983,2187,623,1106,1359,1249,1541,1588,1958,608,1356,1465,2096,710,1685,1935,351,1195,1435,2123,874,1348,2068,470,1198,0,49853,4.273340162
005TOF01,5,22,1,22,18,2,0,2,3,2,2,23,4,0,3,3,2,25,18,0,0,3,0,15,0,21,1,1,2,3,2,1,1,2,0,1,0,210,0.018000951
005TON04,0,1,1,2,2,0,0,4,2,0,1,3,1,0,3,1,2,3,2,1,1,2,1,2,1,0,0,1,2,2,1,2,5,1,2,3,0,55,0.004714535
005TON05,12,30,51,14,37,14,33,13,13,13,14,42,58,1,55,33,15,17,16,18,45,6,4,26,29,35,20,0,9,12,36,27,13,23,14,10,0,808,0.069260804
005TON06,157,113,43,60,171,59,59,77,86,85,108,201,93,0,141,109,88,73,99,111,0,90,42,75,1,222,85,1,43,56,119,66,120,195,2,57,0,3107,0.266328363
005TOP01,0,0,0,0,0,0,0,0,0,0,0,0,0,0,0,1,0,1,0,0,0,0,0,1,0,1,0,1,2,1,0,0,0,0,1,2,0,11,0.000942907
005TOP03,19,6,0,5,47,9,0,64,5,6,38,29,18,0,12,12,25,35,16,35,0,19,15,30,0,62,42,0,24,9,36,0,11,16,0,6,0,651,0.05580295
005TOP05,17,46,21,36,82,84,1,17,76,13,117,25,22,2,16,52,58,102,98,66,0,11,110,45,2,33,34,0,33,17,37,105,19,43,20,21,0,1481,0.126949567
005TOP07,5,10,2,70,15,0,0,5,3,6,5,12,10,0,5,5,5,7,13,22,0,12,32,16,2,15,16,0,8,8,16,0,22,16,0,6,0,369,0.031630243
005TOU01,7,9,7,7,3,7,7,11,6,4,7,8,6,6,3,6,3,10,7,3,3,8,5,8,1,12,7,4,4,11,5,6,4,12,2,6,0,225,0.019286734
005TRA03,145,91,106,65,63,6,0,54,84,99,204,55,102,63,40,52,50,114,84,128,66,46,114,67,64,123,62,3,66,103,87,121,41,92,10,95,0,2765,0.237012528
005TRA21,63,89,25,70,136,55,2,68,67,55,61,131,90,9,47,64,71,42,78,91,24,36,69,130,14,49,108,7,80,69,105,37,57,145,18,57,0,2319,0.198781936
005TRA22,84,56,39,20,109,26,6,47,74,94,49,108,71,5,31,60,179,61,104,196,59,84,63,95,1,43,141,1,17,108,102,32,66,154,78,66,0,2529,0.216782887
005TRA26,13,25,46,15,92,5,12,56,18,16,21,68,41,0,20,20,20,19,57,40,30,24,31,30,0,67,30,0,22,6,65,7,19,19,1,35,0,990,0.084861628
005TRA27,0,0,0,0,0,0,0,0,0,0,0,0,0,0,0,0,0,0,0,0,0,0,0,0,0,0,0,0,0,0,0,0,0,14,0,0,0,14,0.001200063
005TRH02,0,2,0,0,0,0,0,1,0,0,0,0,0,0,0,0,0,0,0,0,0,0,0,0,0,0,0,1,0,0,0,0,0,0,0,0,0,4,0.000342875
005TRI14,6,12,0,20,47,16,0,5,5,5,4,53,8,0,4,5,20,33,15,14,2,32,21,10,49,50,2,0,1,2,4,0,10,7,0,4,0,466,0.039944969
005TRI18,0,0,0,0,0,0,2,0,0,0,0,0,0,0,0,0,0,0,0,0,0,0,0,0,0,0,0,0,0,0,0,0,0,0,0,0,0,2,0.000171438
005TRI22,0,0,0,0,0,0,0,0,0,0,0,0,0,0,0,0,0,0,0,0,0,0,0,0,0,0,0,0,0,0,0,0,0,0,0,0,0,0,0
005TRI25,26,110,240,208,74,0,120,38,242,142,196,162,158,42,26,116,34,227,88,210,42,46,113,212,152,56,210,4,83,186,151,0,16,46,24,53,0,3853,0.3302746
005TRI26,2,1,0,0,0,0,0,0,1,1,1,1,2,0,1,0,0,0,2,4,3,3,2,6,0,5,8,0,4,2,0,0,0,0,0,0,0,49,0.004200222
005TRO05,4,8,0,18,12,2,0,21,4,6,7,29,10,0,5,17,3,3,15,6,0,7,5,6,0,36,2,0,32,9,12,1,8,2,0,2,0,292,0.025029894
005TRO07,1,0,0,0,14,0,0,1,1,1,1,16,4,0,2,8,2,13,2,2,28,17,0,16,0,15,2,0,1,1,6,0,12,0,0,0,0,166,0.014229324
005TRU06,0,0,0,0,0,0,0,0,0,0,0,0,0,0,0,0,0,0,0,0,0,0,0,0,0,0,0,0,2,1,1,0,0,1,0,1,0,6,0.000514313
005TUL01,1,2,21,24,6,0,12,0,1,1,1,3,6,2,11,13,2,2,3,6,0,5,22,6,21,5,6,0,3,3,8,0,3,9,0,22,0,230,0.019715328
005TYG01,39,53,9,36,78,0,0,28,14,24,18,18,36,4,18,19,14,16,20,36,0,22,19,32,0,12,30,4,18,21,55,4,31,62,8,44,0,842,0.072175244
005UCA01,4,17,5,78,28,28,2,9,19,25,37,29,33,21,44,20,18,47,32,52,0,14,24,41,24,53,51,1,47,56,25,1,15,22,0,13,0,935,0.080147093
005UFO01,21,44,0,11,39,0,0,24,40,39,30,28,58,0,29,27,27,32,32,64,0,24,16,36,0,18,36,9,20,13,56,0,32,52,12,31,0,900,0.077146935
005UFR01,0,0,0,0,0,0,0,0,0,0,0,0,0,0,0,1,1,1,0,0,0,0,0,0,0,0,0,0,0,0,0,0,0,0,0,0,0,3,0.000257156
005ULE05,0,3,0,0,0,0,0,0,0,0,3,0,0,0,0,1,0,4,0,0,0,0,0,0,0,0,0,0,0,0,1,1,0,2,0,0,0,15,0.001285782
005ULS03,719,748,388,569,1339,314,227,520,581,660,486,816,901,266,526,677,509,609,752,732,215,469,599,587,379,672,517,161,519,567,846,333,472,852,183,521,0,20231,1.734177378
005ULT04,1,0,0,0,0,0,0,0,0,0,0,0,0,0,0,0,0,0,0,0,0,0,0,0,0,0,0,0,0,0,0,0,0,0,0,1,0,2,0.000171438
005URA01,0,0,0,0,0,0,0,0,0,0,0,0,0,0,0,0,0,0,0,0,0,0,2,4,0,6,12,0,6,6,12,14,4,8,0,4,0,78,0.006686068
005URI05,49,32,26,40,45,13,1,26,24,32,22,43,32,1,16,23,22,54,39,47,9,20,53,38,27,33,75,1,59,22,45,36,16,29,2,36,0,1088,0.093262072
005URO10,1,2,1,1,5,0,0,2,2,6,4,1,4,0,0,2,2,2,2,3,0,2,2,1,0,1,2,0,1,1,1,0,0,1,0,0,0,52,0.004457378
005URO13,2,4,0,2,6,0,0,2,3,30,2,1,2,0,1,1,1,1,1,2,0,1,1,2,0,11,0,0,0,0,0,1,1,2,0,1,0,81,0.006943224
005URO15,63,241,172,133,256,56,40,66,195,166,130,149,140,24,38,58,233,144,208,56,73,54,86,298,129,151,99,32,108,140,12,0,0,0,0,0,0,3750,0.321445562
005URO16,0,0,0,0,0,0,0,84,0,2,1,1,2,0,1,1,1,1,1,2,0,1,1,2,0,1,3,0,1,85,2,0,1,2,0,1,0,197,0.016886607
005URO23,0,0,0,0,0,0,0,0,0,0,0,0,0,0,0,0,0,0,0,0,0,0,0,0,0,0,0,0,0,0,165,51,62,117,54,48,0,497,0.042602252
005UTA02,41,20,0,18,66,0,0,10,30,7,7,39,20,0,11,12,10,30,21,19,4,13,9,15,1,36,20,0,10,10,20,0,15,66,2,37,0,619,0.053059947
005UTR01,0,0,0,0,0,0,0,0,0,0,0,0,0,0,0,0,0,0,0,0,0,0,0,0,0,0,21,0,0,0,0,0,0,0,0,0,0,21,0.001800095
005UTR02,0,0,0,0,0,0,0,0,0,0,0,0,0,2,2,2,2,0,0,0,0,0,0,0,0,0,0,0,0,0,0,0,0,0,0,0,0,8,0.000685751
005UVA01,15,14,10,6,30,1,0,7,21,16,41,29,61,0,28,24,10,10,8,15,1,10,7,16,0,18,20,3,14,31,58,0,31,55,0,20,0,630,0.054002854
005UWA01,27,24,0,29,63,29,9,14,38,29,42,44,33,2,19,26,20,32,16,36,7,28,16,36,20,32,40,2,24,28,47,3,22,30,2,25,0,894,0.076632622
005VAF01,0,0,0,0,0,0,0,0,0,0,0,0,0,0,0,2,1,0,0,0,0,0,0,0,0,0,0,0,0,0,0,0,0,0,0,0,0,3,0.000257156
005VAL06,4,19,10,19,2,21,2,3,13,4,6,11,14,0,9,5,6,5,6,34,1,3,2,3,10,4,10,0,1,3,20,0,1,1,0,2,0,254,0.021772579
005VAL07,104,91,2,125,302,3,0,82,61,72,68,262,76,0,41,77,68,131,104,129,1,116,121,98,0,241,95,1,119,53,99,31,45,73,3,69,0,2963,0.253984853
005VAW01,0,0,0,0,0,0,0,0,0,0,0,0,0,0,0,0,0,5,2,4,0,2,1,5,0,2,4,0,2,1,5,0,2,4,0,2,0,41,0.003514471
005VAW02,0,0,0,0,0,0,0,0,3,2,2,2,4,0,2,0,0,0,0,0,0,0,0,0,0,0,0,0,0,0,0,0,0,0,0,0,0,15,0.001285782
005VAX07,16,20,16,20,11,3,19,24,5,7,24,24,19,17,5,12,14,5,19,12,10,9,20,22,14,9,13,24,13,17,8,22,15,15,16,23,0,542,0.046459599
005VEM01,65,130,134,189,233,75,85,219,202,166,103,258,145,46,96,124,212,145,101,70,129,59,242,232,69,213,278,44,179,252,207,67,137,242,18,149,0,5315,0.45559551
005VEN10,0,0,0,0,0,0,0,0,0,0,0,0,0,0,0,0,0,0,0,0,0,0,0,0,0,0,0,0,0,28,0,0,0,0,0,0,0,28,0.002400127
005VEN11,0,0,0,0,0,0,0,0,0,0,0,0,1,0,0,0,0,0,0,0,0,0,0,0,0,0,0,0,0,0,1,0,0,0,0,0,0,2,0.000171438
005VEN13,19,32,6,6,18,0,0,6,20,4,6,61,6,0,4,10,7,5,19,10,0,23,2,6,0,2,40,0,10,11,21,0,15,58,0,7,0,434,0.037201966
005VER08,0,0,40,84,56,98,0,0,0,2,42,0,42,0,0,0,0,0,0,143,57,2,29,0,2,112,2,60,0,30,4,42,0,70,0,0,0,917,0.078604155
005VES03,1,4,0,1,7,0,0,4,2,2,3,22,4,0,2,2,2,1,1,5,0,1,1,2,0,2,14,0,1,2,4,14,0,2,3,3,0,112,0.009600507
005VFE01,0,0,0,0,0,0,0,0,0,0,0,0,0,0,0,0,0,0,0,0,0,0,0,0,0,0,0,0,0,0,3,0,0,2,0,0,0,5,0.000428594
005VIA05,0,0,0,60,0,0,0,0,60,0,0,0,0,1,1,1,1,1,22,2,0,1,1,2,120,1,11,0,122,1,2,0,1,2,0,1,0,414,0.03548759
005VIC01,0,0,0,0,0,0,0,0,0,0,0,0,0,0,0,0,0,0,0,0,0,0,0,0,0,0,0,0,0,0,0,0,0,0,0,0,0,0,0
005VIM03,2,15,0,8,23,2,4,124,4,8,8,8,17,0,9,9,10,10,11,21,0,11,15,30,0,21,40,0,19,79,55,1,18,36,0,17,0,635,0.054431449
005VIM04,3,15,3,10,30,4,0,10,13,16,15,15,26,8,15,18,20,12,16,35,0,17,15,34,0,12,26,2,5,5,16,0,7,16,0,5,0,444,0.038059155
005VIR03,0,0,0,0,0,0,0,0,0,0,14,0,0,0,1,1,1,1,1,2,0,0,0,0,0,0,0,0,0,0,0,0,0,0,0,0,0,21,0.001800095
005VIT13,107,135,29,98,275,61,36,94,119,134,162,161,307,18,103,133,154,164,186,301,10,110,158,332,13,115,257,11,104,158,327,27,105,236,20,94,0,4854,0.416079136
005VIT22,67,22,37,101,116,54,48,69,51,65,67,67,86,50,34,29,41,39,30,69,41,39,65,76,33,49,71,32,70,62,102,42,58,61,46,42,0,2031,0.174094916
005VIT25,8,29,9,15,70,6,4,32,30,22,21,23,40,2,13,22,20,19,15,35,3,19,18,43,3,18,51,1,14,15,44,0,19,42,2,20,0,747,0.064031956
005VOL05,1,2,2,30,6,0,0,0,1,2,2,2,4,0,2,28,4,11,2,6,12,2,2,4,0,10,0,2,2,2,0,0,0,10,0,0,0,151,0.012943541
005VOR03,29,54,77,35,84,74,22,15,14,26,12,31,109,35,111,51,28,15,45,24,2,11,7,37,16,16,115,1,31,36,26,7,58,98,0,24,0,1376,0.117949092
005VOR04,0,0,2,4,0,0,1,0,0,0,0,1,0,0,0,0,1,0,0,0,0,1,0,1,0,1,0,0,1,1,0,0,0,1,1,1,0,17,0.00145722
005VOR06,18,4,11,18,21,2,3,21,17,4,13,29,2,5,3,4,15,6,3,3,6,6,26,6,3,15,1,5,22,23,28,9,31,10,6,6,0,405,0.034716121
005VOR09,2,2,0,0,0,0,0,3,2,2,2,2,3,3,5,4,4,4,4,7,0,2,2,4,0,2,3,0,3,2,4,0,0,3,0,3,0,77,0.006600349
005VOT02,0,0,0,0,0,0,0,0,0,0,0,0,52,0,0,0,0,0,0,0,56,0,0,0,0,0,0,0,0,0,0,0,0,0,0,0,0,108,0.009257632
005VYL01,0,0,0,0,0,0,0,0,0,0,4,0,0,0,0,0,0,0,0,0,0,0,0,0,0,0,0,0,0,3,0,0,0,0,0,0,0,7,0.000600032
005VYL02,0,0,0,0,0,0,0,0,0,0,0,0,8,0,0,0,0,0,0,0,0,0,0,0,0,0,0,0,0,0,0,0,0,0,0,0,0,8,0.000685751
005VYT01,5,1,0,3,7,0,0,4,1,4,6,24,15,0,15,16,6,9,14,13,0,7,6,18,1,13,19,0,24,6,16,0,0,5,0,5,0,263,0.022544049
005VYZ01,0,0,0,0,0,0,0,0,0,0,1,0,0,0,0,0,0,0,0,0,0,0,0,0,0,0,0,0,0,0,0,0,0,0,0,0,0,1,8.57188E-05
005WEC01,413,430,139,355,584,212,78,193,188,304,439,518,454,121,179,215,301,396,336,434,88,234,336,515,129,229,379,68,318,306,315,165,164,342,61,164,0,10102,0.865931485
005WEG01,0,0,0,0,0,0,0,0,0,0,0,0,0,0,0,0,3,0,0,0,0,0,0,0,0,0,0,0,0,0,0,0,0,6,0,0,0,9,0.000771469
005WEL03,9,16,2,37,40,0,0,9,9,9,9,56,20,0,13,31,10,9,33,18,0,15,33,28,0,44,32,0,18,18,60,0,27,34,0,20,0,659,0.0564887
005WEM01,0,0,0,1,1,0,0,0,0,0,1,0,1,0,0,0,0,0,0,0,1,0,0,0,0,0,0,0,0,0,0,0,0,0,0,0,0,5,0.000428594
005WON01,25,19,3,52,69,10,78,3,33,49,62,18,8,14,5,41,9,29,23,42,21,10,30,32,24,13,88,12,40,7,20,32,6,10,0,0,0,937,0.080318531
005XAL03,0,0,0,0,0,0,0,0,0,0,0,0,0,0,0,0,0,0,0,0,0,0,0,0,0,0,0,0,0,0,0,0,0,0,0,0,0,0,0
005XAM01,0,0,0,0,0,0,0,0,0,0,0,0,0,0,0,0,0,0,0,0,0,0,1,0,0,0,0,0,0,0,0,0,0,1,0,0,0,2,0.000171438
005XAN02,357,492,190,420,897,114,148,358,251,373,346,573,332,117,230,271,309,558,459,426,106,268,309,570,136,650,437,94,374,510,585,193,234,470,137,280,0,12574,1.0778284
005XAN03,15,26,0,91,108,0,0,12,18,9,50,170,30,0,16,14,38,64,90,32,0,54,24,38,0,166,50,1,25,45,83,0,16,28,3,25,0,1341,0.114948933
005XAN04,5,9,10,3,15,7,0,2,4,10,5,2,4,0,3,3,4,4,4,8,0,33,1,8,0,3,6,1,5,4,8,1,2,8,2,6,0,190,0.016286575
005XAR01,4,10,0,5,15,0,9,50,9,8,1,1,2,1,2,3,14,4,4,14,0,4,32,51,14,7,12,7,14,9,9,2,3,4,0,12,0,336,0.028801522
005XEL02,59,114,201,182,220,82,40,102,186,118,174,78,142,56,43,122,180,60,100,56,84,58,136,36,198,156,118,68,59,8,152,182,134,166,17,5,0,3892,0.333617634
005XEL04,0,0,0,0,0,0,0,0,0,0,0,0,0,28,0,0,0,0,0,0,0,0,0,0,0,0,0,0,0,0,14,0,0,0,0,0,0,42,0.00360019
005XEN01,0,0,0,0,0,0,0,0,0,0,0,0,0,0,0,0,0,0,2,4,2,4,4,12,0,6,12,0,6,6,8,0,2,4,0,2,0,74,0.006343192
005XGE01,2,3,3,2,3,1,0,1,1,3,6,6,0,0,0,1,5,1,3,0,0,5,5,4,0,3,1,0,1,0,1,0,1,1,1,1,0,65,0.005571723
005XOF03,0,0,4,2,0,0,0,0,0,2,0,0,0,0,0,0,0,0,0,2,0,0,0,0,0,0,2,0,0,0,0,0,0,0,0,0,0,12,0.001028626
005XYZ01,27,26,8,65,52,36,2,74,57,24,79,69,35,12,33,23,18,74,31,110,10,19,12,30,23,101,59,12,51,43,22,34,96,25,10,48,0,1450,0.124292284
005YAZ01,0,0,0,0,0,0,0,0,0,0,0,0,0,0,0,0,0,0,0,0,0,0,0,0,0,0,0,0,0,0,0,0,0,0,0,0,0,0,0
005YUP01,176,274,32,105,341,14,27,129,105,89,127,129,280,0,114,78,80,70,82,182,0,100,122,326,0,86,282,0,86,108,264,0,50,240,0,95,0,4193,0.359418998
005ZAV04,28,37,6,14,48,11,0,20,23,22,16,19,50,0,24,18,22,17,15,32,0,16,17,39,0,26,44,5,23,27,66,0,31,54,11,39,0,820,0.07028943
005ZEF03,16,37,2,12,49,4,6,20,15,7,5,7,12,0,4,10,11,7,17,27,3,16,14,31,0,10,24,0,10,4,2,0,6,22,0,12,0,422,0.036173341
005ZEJ02,0,0,56,0,0,0,0,0,0,0,0,0,0,70,13,0,0,42,12,0,0,0,360,56,0,0,0,0,0,0,0,0,0,0,0,0,0,609,0.052202759
005ZEL02,5,12,2,3,4,0,0,0,3,3,1,7,2,1,0,2,2,2,5,2,0,0,2,8,1,1,1,0,0,0,6,0,3,1,0,1,0,80,0.006857505
005ZIN05,5,8,13,9,2,1,6,9,7,17,12,10,5,5,4,7,8,12,7,4,10,9,14,13,6,16,7,5,4,18,11,4,10,12,12,6,0,308,0.026401396
005ZIN08,6,12,0,6,18,0,0,6,6,6,6,6,12,0,6,6,6,7,7,14,0,7,7,14,0,7,14,0,6,6,12,0,6,12,0,6,0,227,0.019458171
005ZIN10,23,28,5,22,63,0,0,13,15,17,13,10,26,0,13,11,15,17,19,38,2,19,17,32,3,8,34,3,17,23,42,0,21,52,0,23,0,644,0.055202918
005ZOL01,1,0,0,0,0,0,0,0,1,0,0,0,0,0,0,0,0,0,0,1,0,0,0,0,0,0,0,0,1,0,0,0,0,0,0,0,0,4,0.000342875
005ZOL02,25,31,3,52,101,0,1,42,25,49,19,113,46,0,35,18,30,50,39,41,3,45,22,33,0,76,29,0,60,20,39,20,13,21,0,27,0,1128,0.096690825
005ZOL03,2,1,0,0,0,0,0,0,0,0,0,0,0,0,0,0,0,0,1,2,0,0,0,0,0,0,0,0,0,0,0,0,0,0,0,0,0,6,0.000514313
005ZON01,8,16,0,8,24,0,0,7,9,9,9,9,18,7,7,7,12,9,7,14,0,10,7,23,24,38,10,0,3,0,4,0,0,4,0,6,0,309,0.026487114
005ZOV01,22,38,12,25,85,7,0,30,32,9,32,48,72,0,35,43,42,29,42,82,0,36,15,24,0,27,44,0,29,21,54,0,27,52,0,21,0,1035,0.088718975
005ZUL01,11,20,7,21,43,1,1,21,18,19,62,18,30,7,8,21,19,29,25,9,17,1,15,15,14,5,9,6,36,25,6,11,7,23,7,5,0,592,0.050745539
005ZYP03,4,8,0,52,51,0,0,3,3,3,3,87,6,0,3,5,6,36,48,12,0,18,18,6,1,89,8,0,3,3,6,0,3,10,0,9,0,504,0.043202284
005ZYT01,84,0,0,0,0,0,0,0,0,0,0,0,0,0,0,0,0,0,0,0,0,0,0,0,0,0,0,0,0,0,0,0,0,104,0,0,0,188,0.016115138
005ZYV01,0,0,0,0,0,0,0,28,3,5,4,4,8,0,5,3,18,2,22,4,0,2,18,6,0,30,2,0,1,1,2,16,0,0,0,0,0,184,0.015772262
005ZYV02,10,10,4,11,27,0,3,7,10,12,15,15,28,3,19,15,16,22,24,47,6,27,26,40,6,23,53,3,20,22,45,4,24,47,4,27,0,675,0.057860201
(空白),0,0,0,0,0,0,0,0,0,0,0,0,0,0,0,0,0,0,0,0,0,0,0,0,0,0,0,0,0,0,0,0,0,0,0,0,0,0,0
,,,,,,,,,,,,,,,,,,,,,,,,,,,,,,,,,,,,,,1166605,
